Handle,Title,Body (HTML),Vendor,Product Category,Type,Tags,Published,Option1 Name,Option1 Value,Option1 Linked To,Option2 Name,Option2 Value,Option2 Linked To,Option3 Name,Option3 Value,Option3 Linked To,Variant SKU,Variant Grams,Variant Inventory Tracker,Variant Inventory Policy,Variant Fulfillment Service,Variant Price,Variant Compare At Price,Variant Requires Shipping,Variant Taxable,Unit Price Total Measure,Unit Price Total Measure Unit,Unit Price Base Measure,Unit Price Base Measure Unit,Variant Barcode,Image Src,Image Position,Image Alt Text,Gift Card,SEO Title,SEO Description,Google Shopping / Google Product Category,Google Shopping / Gender,Google Shopping / Age Group,Google Shopping / MPN,Google Shopping / Condition,Google Shopping / Custom Product,Google Shopping / Custom Label 0,Google Shopping / Custom Label 1,Google Shopping / Custom Label 2,Google Shopping / Custom Label 3,Google Shopping / Custom Label 4,Paper (product.metafields.custom.paper),Google: Custom Product (product.metafields.mm-google-shopping.custom_product),Couleur (product.metafields.shopify.color-pattern),Variant Image,Variant Weight Unit,Variant Tax Code,Cost per item,Status
synapses-grand-palais,Synapses - Grand Palais,"<p class=""p1"">The piece will be featured during Art Capital - Comparaison 2025 at the Grand Palais, it‚Äôs available for purchase before the exhibition. However, if sold before the event, the buyer will need to wait until after the exhibition to receive the artwork.</p>
<p class=""p1""><meta charset=""utf-8""><strong>Type</strong>: Hand-Signed, Unique Original<br><strong>Medium</strong>: Archival Ink on Canvas<br><strong>Frame</strong>: Floater frame<br><strong>Size</strong>: 31.9 x 23.6 inches / 81 x 60 cm<br><strong>Plotter</strong>: Custom-made pen plotter<br><strong>Pen</strong>: Brush Pen<br></p>
<p class=""p1"">¬†</p>",Targz Shop,Office Supplies > General Office Supplies > Paper Products > Post Cards,"","",false,Title,Default Title,,,,,,,,"",0.0,shopify,deny,manual,1250.00,1250.00,true,true,,,,,"",https://cdn.shopify.com/s/files/1/0810/5515/4515/files/synapses_canvas-pen-plotter.png?v=1739738935,1,"",false,,,,,,,,,,,,,,,,,,kg,,,active
synapses-grand-palais,,,,,,,,,,,,,,,,,,,,,,,,,,,,,,,https://cdn.shopify.com/s/files/1/0810/5515/4515/files/synapses_canvas-pen-plotter_chassis.png?v=1742723494,2,"",,,,,,,,,,,,,,,,,,,,,,
synapses-grand-palais,,,,,,,,,,,,,,,,,,,,,,,,,,,,,,,https://cdn.shopify.com/s/files/1/0810/5515/4515/files/synapses_canvas-pen-closeup.png?v=1742723494,3,"",,,,,,,,,,,,,,,,,,,,,,
synapses-grand-palais,,,,,,,,,,,,,,,,,,,,,,,,,,,,,,,https://cdn.shopify.com/s/files/1/0810/5515/4515/files/synapses_canvas-pen-fold.png?v=1742723494,4,"",,,,,,,,,,,,,,,,,,,,,,
synapses-grand-palais,,,,,,,,,,,,,,,,,,,,,,,,,,,,,,,https://cdn.shopify.com/s/files/1/0810/5515/4515/files/synapses_canvas-pen-plotter_cadre-side.png?v=1742723494,5,"",,,,,,,,,,,,,,,,,,,,,,
synapses-grand-palais,,,,,,,,,,,,,,,,,,,,,,,,,,,,,,,https://cdn.shopify.com/s/files/1/0810/5515/4515/files/synapses_canvas-pen-plotter_FULL.png?v=1739738935,6,"",,,,,,,,,,,,,,,,,,,,,,
vinyl-impression-n-3-edition,Vinyl Impression N¬∞3 Edition,"<p>The Figure Eight Knot Edition is a high-quality print, crafted from the <a href=""https://targz.fr/vinyl-impression-triptych"">original pen plot series</a> and perfectly reproducing all the details of the original.¬†</p>
<p>‚Ä¢ Editions: 20 (numbered and signed)<br>¬†‚Ä¢ Weight: 250g/m¬≤ / 96lbs<br>¬†‚Ä¢ Finish: Semi Gloss<br>¬†‚Ä¢ Tone: Bright White<br>¬†‚Ä¢ Texture: Extra Smooth</p>",targz,"Home & Garden > Decor > Artwork > Posters, Prints, & Visual Artwork",Gicl√©e,"",true,Size,"30cm x 42cm, 11.7inches x 16.5inches",,Frame,Print only,,,,,9096442-3497646,0.0,shopify,deny,creativehub-fulfilment,49.00,,true,true,,,,,,https://cdn.shopify.com/s/files/1/0810/5515/4515/files/Website_Poster_Close-up_4_036044bb-0bf1-4441-ba9b-e37e18aa8b6d.jpg?v=1736973819,1,"",false,,,,,,,,,,,,,,,,,,kg,,21.14,active
vinyl-impression-n-3-edition,,,,,,,,,"42cm x 59cm, 16.5inches x 23.4inches",,,Print only,,,,,9096442-3497647,0.0,shopify,deny,creativehub-fulfilment,69.00,,true,true,,,,,,https://cdn.shopify.com/s/files/1/0810/5515/4515/files/PVC-Glossy-Poster-Mockup-by-Creatsy_-_9_.psd1440-1920_410459bf-12ec-498b-8e8c-5e5bfaefd1e5.jpg?v=1736973819,2,"",,,,,,,,,,,,,,,,,,,kg,,30.58,
vinyl-impression-n-3-edition,,,,,,,,,"59cm x 84cm, 23.4inches x 33.1inches",,,Print only,,,,,9096442-3497648,0.0,shopify,deny,creativehub-fulfilment,99.00,,true,true,,,,,,https://cdn.shopify.com/s/files/1/0810/5515/4515/files/VinylImpressionN_3Edition.jpg?v=1736973819,3,"",,,,,,,,,,,,,,,,,,,kg,,57.68,
vinyl-impression-n-3-edition,,,,,,,,,"30cm x 42cm, 11.7inches x 16.5inches",,,Black,,,,,9096442-3497649,0.0,shopify,deny,creativehub-fulfilment,149.00,,true,true,,,,,,,,,,,,,,,,,,,,,,,,,,,kg,,58.71,
vinyl-impression-n-3-edition,,,,,,,,,"42cm x 59cm, 16.5inches x 23.4inches",,,Black,,,,,9096442-3497650,0.0,shopify,deny,creativehub-fulfilment,169.00,,true,true,,,,,,,,,,,,,,,,,,,,,,,,,,,kg,,85.59,
vinyl-impression-n-3-edition,,,,,,,,,"59cm x 84cm, 23.4inches x 33.1inches",,,Black,,,,,9096442-3497651,0.0,shopify,deny,creativehub-fulfilment,199.00,,true,true,,,,,,,,,,,,,,,,,,,,,,,,,,,kg,,153.67,
color-wheel-chaos-edition,Color Wheel Chaos Edition,"<p>The Color Wheel Chaos Edition is a high-quality print, crafted from the<span>¬†</span><a href=""https://shop.targz.fr/products/color-wheel-chaos"">original pen plot</a><span>¬†</span>and perfectly reproducing all the details of the original.¬†</p>
<p>‚Ä¢ Editions: 20 (numbered and signed)<br>¬†‚Ä¢ Weight: 250g/m¬≤ / 96lbs<br>¬†‚Ä¢ Finish: Semi Gloss<br>¬†‚Ä¢ Tone: Bright White<br>¬†‚Ä¢ Texture: Extra Smooth</p>",targz,"Home & Garden > Decor > Artwork > Posters, Prints, & Visual Artwork",Gicl√©e,"",true,Size,"30cm x 42cm, 11.7inches x 16.5inches",,Frame,Print only,,,,,9096407-3497609,0.0,shopify,deny,creativehub-fulfilment,49.00,,true,true,,,,,,https://cdn.shopify.com/s/files/1/0810/5515/4515/files/Website_Poster_Close-up_4_d1aec19f-75bf-489a-ae7d-ecbcf605bb67.jpg?v=1736973277,1,"",false,,,,,,,,,,,,,,,,,,kg,,21.14,active
color-wheel-chaos-edition,,,,,,,,,"42cm x 59cm, 16.5inches x 23.4inches",,,Print only,,,,,9096407-3497610,0.0,shopify,deny,creativehub-fulfilment,69.00,,true,true,,,,,,https://cdn.shopify.com/s/files/1/0810/5515/4515/files/PVC-Glossy-Poster-Mockup-by-Creatsy_-_9_.psd1440-1920_f5c86e37-0548-48d5-b438-418adeafc171.jpg?v=1736973277,2,"",,,,,,,,,,,,,,,,,,,kg,,30.58,
color-wheel-chaos-edition,,,,,,,,,"59cm x 84cm, 23.4inches x 33.1inches",,,Print only,,,,,9096407-3497611,0.0,shopify,deny,creativehub-fulfilment,99.00,,true,true,,,,,,https://cdn.shopify.com/s/files/1/0810/5515/4515/files/ColorWheelChaosEdition.jpg?v=1736973277,3,"",,,,,,,,,,,,,,,,,,,kg,,57.68,
color-wheel-chaos-edition,,,,,,,,,"30cm x 42cm, 11.7inches x 16.5inches",,,Black,,,,,9096407-3497612,0.0,shopify,deny,creativehub-fulfilment,149.00,,true,true,,,,,,,,,,,,,,,,,,,,,,,,,,,kg,,58.71,
color-wheel-chaos-edition,,,,,,,,,"42cm x 59cm, 16.5inches x 23.4inches",,,Black,,,,,9096407-3497613,0.0,shopify,deny,creativehub-fulfilment,169.00,,true,true,,,,,,,,,,,,,,,,,,,,,,,,,,,kg,,85.59,
color-wheel-chaos-edition,,,,,,,,,"59cm x 84cm, 23.4inches x 33.1inches",,,Black,,,,,9096407-3497614,0.0,shopify,deny,creativehub-fulfilment,199.00,,true,true,,,,,,,,,,,,,,,,,,,,,,,,,,,kg,,153.67,
chromatic-interplay-n-6-edition,Chromatic Interplay N¬∞6 Edition,"<p>The Chromatic Interplay N¬∞6 Edition is a high-quality print, crafted from the <a href=""https://shop.targz.fr/products/chromatic-interplay-n-6"">original pen</a><a href=""https://shop.targz.fr/products/figure-eight-knot""> plot</a> and perfectly reproducing all the details of the original.¬†</p>
<p>‚Ä¢ Editions: 20 (numbered and signed)<br>¬†‚Ä¢ Weight: 250g/m¬≤ / 96lbs<br>¬†‚Ä¢ Finish: Semi Gloss<br>¬†‚Ä¢ Tone: Bright White<br>¬†‚Ä¢ Texture: Extra Smooth</p>",targz,"Home & Garden > Decor > Artwork > Posters, Prints, & Visual Artwork",Gicl√©e,"",true,Size,"30cm x 42cm, 11.7inches x 16.5inches",,Frame,Print only,,,,,9096406-3497616,0.0,shopify,deny,creativehub-fulfilment,49.00,,true,true,,,,,,https://cdn.shopify.com/s/files/1/0810/5515/4515/files/Website_Poster_Close-up_4_fcbde838-1efe-4fb9-9606-5902be7d5085.jpg?v=1736973139,1,"",false,,,,,,,,,,,,,,,,,,kg,,21.14,active
chromatic-interplay-n-6-edition,,,,,,,,,"42cm x 59cm, 16.5inches x 23.4inches",,,Print only,,,,,9096406-3497617,0.0,shopify,deny,creativehub-fulfilment,69.00,,true,true,,,,,,https://cdn.shopify.com/s/files/1/0810/5515/4515/files/PVC-Glossy-Poster-Mockup-by-Creatsy_-_9_.psd1440-1920.jpg?v=1738319705,2,"",,,,,,,,,,,,,,,,,,,kg,,30.58,
chromatic-interplay-n-6-edition,,,,,,,,,"59cm x 84cm, 23.4inches x 33.1inches",,,Print only,,,,,9096406-3497618,0.0,shopify,deny,creativehub-fulfilment,99.00,,true,true,,,,,,https://cdn.shopify.com/s/files/1/0810/5515/4515/files/ChromaticInterplayN_6Edition.jpg?v=1738312449,3,"",,,,,,,,,,,,,,,,,,,kg,,57.68,
chromatic-interplay-n-6-edition,,,,,,,,,"30cm x 42cm, 11.7inches x 16.5inches",,,Black,,,,,9096406-3497619,0.0,shopify,deny,creativehub-fulfilment,149.00,,true,true,,,,,,,,,,,,,,,,,,,,,,,,,,,kg,,58.71,
chromatic-interplay-n-6-edition,,,,,,,,,"42cm x 59cm, 16.5inches x 23.4inches",,,Black,,,,,9096406-3497620,0.0,shopify,deny,creativehub-fulfilment,169.00,,true,true,,,,,,,,,,,,,,,,,,,,,,,,,,,kg,,85.59,
chromatic-interplay-n-6-edition,,,,,,,,,"59cm x 84cm, 23.4inches x 33.1inches",,,Black,,,,,9096406-3497621,0.0,shopify,deny,creativehub-fulfilment,199.00,,true,true,,,,,,,,,,,,,,,,,,,,,,,,,,,kg,,153.67,
vinyl-impression-n-2-edition,Vinyl Impression N¬∞2 Edition,"<p>The Vinyl Impression N¬∞2 Edition is a high-quality print, crafted from the<span>¬†</span><a href=""https://shop.targz.fr/products/vinyl-impression-n-2"">original pen plot</a><span>¬†</span>and perfectly reproducing all the details of the original.¬†</p>
<p>‚Ä¢ Editions: 20 (numbered and signed)<br>¬†‚Ä¢ Weight: 250g/m¬≤ / 96lbs<br>¬†‚Ä¢ Finish: Semi Gloss<br>¬†‚Ä¢ Tone: Bright White<br>¬†‚Ä¢ Texture: Extra Smooth</p>",targz,"Home & Garden > Decor > Artwork > Posters, Prints, & Visual Artwork",Gicl√©e,"",true,Size,"30cm x 42cm, 11.7inches x 16.5inches",,Frame,Print only,,,,,9096405-3497624,0.0,shopify,deny,creativehub-fulfilment,49.00,,true,true,,,,,,https://cdn.shopify.com/s/files/1/0810/5515/4515/files/Website_Poster_Close-up_4_c636ce03-757f-4221-9ef5-5fe7ddb76329.jpg?v=1736973780,1,"",false,,,,,,,,,,,,,,,,,,kg,,21.14,active
vinyl-impression-n-2-edition,,,,,,,,,"42cm x 59cm, 16.5inches x 23.4inches",,,Print only,,,,,9096405-3497625,0.0,shopify,deny,creativehub-fulfilment,69.00,,true,true,,,,,,https://cdn.shopify.com/s/files/1/0810/5515/4515/files/PVC-Glossy-Poster-Mockup-by-Creatsy_-_9_.psd1440-1920_c3632560-7ed7-43a8-a197-c4403b6fb721.jpg?v=1736973780,2,"",,,,,,,,,,,,,,,,,,,kg,,30.58,
vinyl-impression-n-2-edition,,,,,,,,,"59cm x 84cm, 23.4inches x 33.1inches",,,Print only,,,,,9096405-3497626,0.0,shopify,deny,creativehub-fulfilment,99.00,,true,true,,,,,,https://cdn.shopify.com/s/files/1/0810/5515/4515/files/VinylImpressionN_2-Edition.jpg?v=1736973780,3,"",,,,,,,,,,,,,,,,,,,kg,,57.68,
vinyl-impression-n-2-edition,,,,,,,,,"30cm x 42cm, 11.7inches x 16.5inches",,,Black,,,,,9096405-3497627,0.0,shopify,deny,creativehub-fulfilment,149.00,,true,true,,,,,,,,,,,,,,,,,,,,,,,,,,,kg,,58.71,
vinyl-impression-n-2-edition,,,,,,,,,"42cm x 59cm, 16.5inches x 23.4inches",,,Black,,,,,9096405-3497628,0.0,shopify,deny,creativehub-fulfilment,169.00,,true,true,,,,,,,,,,,,,,,,,,,,,,,,,,,kg,,85.59,
vinyl-impression-n-2-edition,,,,,,,,,"59cm x 84cm, 23.4inches x 33.1inches",,,Black,,,,,9096405-3497629,0.0,shopify,deny,creativehub-fulfilment,199.00,,true,true,,,,,,,,,,,,,,,,,,,,,,,,,,,kg,,153.67,
synaps-edition,Synaps Edition,"<p>The Synaps Edition is a high-quality print, crafted from the<span>¬†</span><a href=""https://shop.targz.fr/products/synapse-blue"">original pen plot</a><span>¬†</span>and perfectly reproducing all the details of the original.¬†</p>
<p>‚Ä¢ Editions: 20 (numbered and signed)<br>¬†‚Ä¢ Weight: 250g/m¬≤ / 96lbs<br>¬†‚Ä¢ Finish: Semi Gloss<br>¬†‚Ä¢ Tone: Bright White<br>¬†‚Ä¢ Texture: Extra Smooth</p>",targz,"Home & Garden > Decor > Artwork > Posters, Prints, & Visual Artwork",Gicl√©e,"",true,Size,"30cm x 42cm, 11.7inches x 16.5inches",,Frame,Print only,,,,,9096403-3497600,0.0,shopify,deny,creativehub-fulfilment,49.00,,true,true,,,,,,https://cdn.shopify.com/s/files/1/0810/5515/4515/files/Website_Poster_Close-up_4_58567850-09a7-47e2-a48b-731f44fa29c4.jpg?v=1736973686,1,"",false,,,,,,,,,,,,,,,,,,kg,,21.14,active
synaps-edition,,,,,,,,,"42cm x 59cm, 16.5inches x 23.4inches",,,Print only,,,,,9096403-3497601,0.0,shopify,deny,creativehub-fulfilment,69.00,,true,true,,,,,,https://cdn.shopify.com/s/files/1/0810/5515/4515/files/Smartist-15-01-2025-21-16.png?v=1736973686,2,"",,,,,,,,,,,,,,,,,,,kg,,30.58,
synaps-edition,,,,,,,,,"59cm x 84cm, 23.4inches x 33.1inches",,,Print only,,,,,9096403-3497602,0.0,shopify,deny,creativehub-fulfilment,99.00,,true,true,,,,,,https://cdn.shopify.com/s/files/1/0810/5515/4515/files/PVC-Glossy-Poster-Mockup-by-Creatsy_-_9_.psd1440-1920_7689dfd2-77e8-4f93-b922-cd33e4e5749e.jpg?v=1736973686,3,"",,,,,,,,,,,,,,,,,,,kg,,57.68,
synaps-edition,,,,,,,,,"30cm x 42cm, 11.7inches x 16.5inches",,,Black,,,,,9096403-3497603,0.0,shopify,deny,creativehub-fulfilment,149.00,,true,true,,,,,,https://cdn.shopify.com/s/files/1/0810/5515/4515/files/Smartist-15-01-2025-21-162.png?v=1736973686,4,"",,,,,,,,,,,,,,,,,,,kg,,58.71,
synaps-edition,,,,,,,,,"42cm x 59cm, 16.5inches x 23.4inches",,,Black,,,,,9096403-3497604,0.0,shopify,deny,creativehub-fulfilment,169.00,,true,true,,,,,,https://cdn.shopify.com/s/files/1/0810/5515/4515/files/SynapsEdition.jpg?v=1736973686,5,"",,,,,,,,,,,,,,,,,,,kg,,85.59,
synaps-edition,,,,,,,,,"59cm x 84cm, 23.4inches x 33.1inches",,,Black,,,,,9096403-3497605,0.0,shopify,deny,creativehub-fulfilment,199.00,,true,true,,,,,,https://cdn.shopify.com/s/files/1/0810/5515/4515/files/Smartist-15-01-2025-21-1232112.png?v=1736973686,6,"",,,,,,,,,,,,,,,,,,,kg,,153.67,
green-lagoon-edition,Green Lagoon Edition,"<p>The Green Lagoon Edition is a high-quality print, crafted from the<span>¬†</span><a href=""https://shop.targz.fr/products/green-lagoon"">original pen plot</a><span>¬†</span>and perfectly reproducing all the details of the original.¬†</p>
<p>‚Ä¢ Editions: 20 (numbered and signed)<br>¬†‚Ä¢ Weight: 250g/m¬≤ / 96lbs<br>¬†‚Ä¢ Finish: Semi Gloss<br>¬†‚Ä¢ Tone: Bright White<br>¬†‚Ä¢ Texture: Extra Smooth</p>",targz,"Home & Garden > Decor > Artwork > Posters, Prints, & Visual Artwork",Gicl√©e,"",true,Size,"30cm x 42cm, 11.7inches x 16.5inches",,Frame,Print only,,,,,9096368-3497567,0.0,shopify,deny,creativehub-fulfilment,49.00,,true,true,,,,,,https://cdn.shopify.com/s/files/1/0810/5515/4515/files/Website_Poster_Close-up_4_a224c224-234e-4804-8db1-f5e09880ecd3.jpg?v=1736973615,1,"",false,,,,,,,,,,,,,,,,,,kg,,21.14,active
green-lagoon-edition,,,,,,,,,"42cm x 59cm, 16.5inches x 23.4inches",,,Print only,,,,,9096368-3497568,0.0,shopify,deny,creativehub-fulfilment,69.00,,true,true,,,,,,https://cdn.shopify.com/s/files/1/0810/5515/4515/files/1artist-15-01-2025-21-05.png?v=1736973615,2,"",,,,,,,,,,,,,,,,,,,kg,,30.58,
green-lagoon-edition,,,,,,,,,"59cm x 84cm, 23.4inches x 33.1inches",,,Print only,,,,,9096368-3497569,0.0,shopify,deny,creativehub-fulfilment,99.00,,true,true,,,,,,https://cdn.shopify.com/s/files/1/0810/5515/4515/files/PVC-Glossy-Poster-Mockup-by-Creatsy_-_9_.psd1440-1920_fd45481f-8fc5-40ea-ad1f-825460dd15ed.jpg?v=1736973615,3,"",,,,,,,,,,,,,,,,,,,kg,,57.68,
green-lagoon-edition,,,,,,,,,"30cm x 42cm, 11.7inches x 16.5inches",,,Black,,,,,9096368-3497570,0.0,shopify,deny,creativehub-fulfilment,149.00,,true,true,,,,,,https://cdn.shopify.com/s/files/1/0810/5515/4515/files/Smartist-15-01-2025-21-03.png?v=1736973615,4,"",,,,,,,,,,,,,,,,,,,kg,,58.71,
green-lagoon-edition,,,,,,,,,"42cm x 59cm, 16.5inches x 23.4inches",,,Black,,,,,9096368-3497571,0.0,shopify,deny,creativehub-fulfilment,169.00,,true,true,,,,,,https://cdn.shopify.com/s/files/1/0810/5515/4515/files/Green_Lagoon_mockup_77874bdb-07e8-43d2-8176-39c1e1013527.jpg?v=1736973615,5,"",,,,,,,,,,,,,,,,,,,kg,,85.59,
green-lagoon-edition,,,,,,,,,"59cm x 84cm, 23.4inches x 33.1inches",,,Black,,,,,9096368-3497572,0.0,shopify,deny,creativehub-fulfilment,199.00,,true,true,,,,,,https://cdn.shopify.com/s/files/1/0810/5515/4515/files/Smartist-15-01-2025-21-07.png?v=1736973615,6,"",,,,,,,,,,,,,,,,,,,kg,,153.67,
plasma-convection-right-edition,Plasma Convection Right Edition,"<p class=""p1"">Plasma Convection is a printed edition derived from a commissioned original pen plot triptych. Its vibrant, flowing patterns draw inspiration from the energy convection processes of the sun.</p>
<p><meta charset=""utf-8"">‚Ä¢ Editions: 20 (numbered and signed)<br>¬†‚Ä¢ Weight: 250g/m¬≤ / 96lbs<br>¬†‚Ä¢ Finish: Semi Gloss<br>¬†‚Ä¢ Tone: Bright White<br>¬†‚Ä¢ Texture: Extra Smooth</p>",targz,"Home & Garden > Decor > Artwork > Posters, Prints, & Visual Artwork",Gicl√©e,"",true,Size,"30cm x 42cm, 11.7inches x 16.5inches",,Frame,Print only,,,,,9043366-3456760,0.0,shopify,deny,creativehub-fulfilment,49.00,,true,true,,,,,,https://cdn.shopify.com/s/files/1/0810/5515/4515/files/Rigth_Website_Poster_Close-up_4.jpg?v=1733134495,1,"",false,,,,,,,,,,,,,,,,,,kg,,21.14,active
plasma-convection-right-edition,,,,,,,,,"42cm x 59cm, 16.5inches x 23.4inches",,,Print only,,,,,9043366-3456761,0.0,shopify,deny,creativehub-fulfilment,69.00,,true,true,,,,,,https://cdn.shopify.com/s/files/1/0810/5515/4515/files/RIGHT1.jpg?v=1733076468,2,"",,,,,,,,,,,,,,,,,,,kg,,30.58,
plasma-convection-right-edition,,,,,,,,,"59cm x 84cm, 23.4inches x 33.1inches",,,Print only,,,,,9043366-3456762,0.0,shopify,deny,creativehub-fulfilment,99.00,,true,true,,,,,,https://cdn.shopify.com/s/files/1/0810/5515/4515/files/RIGHT2.jpg?v=1738339361,3,"",,,,,,,,,,,,,,,,,,,kg,,57.68,
plasma-convection-right-edition,,,,,,,,,"30cm x 42cm, 11.7inches x 16.5inches",,,White,,,,,9043366-3456763,0.0,shopify,deny,creativehub-fulfilment,149.00,,true,true,,,,,,https://cdn.shopify.com/s/files/1/0810/5515/4515/files/ALL2_22e74a21-f101-4b3b-b495-2b53b3d010c7.jpg?v=1738339361,4,"",,,,,,,,,,,,,,,,,,,kg,,58.71,
plasma-convection-right-edition,,,,,,,,,"42cm x 59cm, 16.5inches x 23.4inches",,,White,,,,,9043366-3456764,0.0,shopify,deny,creativehub-fulfilment,169.00,,true,true,,,,,,https://cdn.shopify.com/s/files/1/0810/5515/4515/files/RIGHT_ROLL.jpg?v=1738339361,5,"",,,,,,,,,,,,,,,,,,,kg,,85.59,
plasma-convection-right-edition,,,,,,,,,"59cm x 84cm, 23.4inches x 33.1inches",,,White,,,,,9043366-3456765,0.0,shopify,deny,creativehub-fulfilment,199.00,,true,true,,,,,,https://cdn.shopify.com/s/files/1/0810/5515/4515/files/RIGHT_SKY.jpg?v=1738339361,6,"",,,,,,,,,,,,,,,,,,,kg,,153.67,
plasma-convection-left-edition,Plasma Convection Left Edition,"<p class=""p1"">Plasma Convection is a printed edition derived from a commissioned original pen plot triptych. Its vibrant, flowing patterns draw inspiration from the energy convection processes of the sun.</p>
<p><meta charset=""utf-8"">‚Ä¢ Editions: 20 (numbered and signed)<br>¬†‚Ä¢ Weight: 250g/m¬≤ / 96lbs<br>¬†‚Ä¢ Finish: Semi Gloss<br>¬†‚Ä¢ Tone: Bright White<br>¬†‚Ä¢ Texture: Extra Smooth</p>",targz,"Home & Garden > Decor > Artwork > Posters, Prints, & Visual Artwork",Gicl√©e,"",true,Size,"30cm x 42cm, 11.7inches x 16.5inches",,Frame,Print only,,,,,9043365-3456701,0.0,shopify,deny,creativehub-fulfilment,49.00,,true,true,,,,,,https://cdn.shopify.com/s/files/1/0810/5515/4515/files/Lest_Website_Poster_Close-up_4.jpg?v=1733134472,1,"",false,,,,,,,,,,,,,,,,,,kg,,21.14,active
plasma-convection-left-edition,,,,,,,,,"42cm x 59cm, 16.5inches x 23.4inches",,,Print only,,,,,9043365-3456702,0.0,shopify,deny,creativehub-fulfilment,69.00,,true,true,,,,,,https://cdn.shopify.com/s/files/1/0810/5515/4515/files/LEST1.jpg?v=1733076363,2,"",,,,,,,,,,,,,,,,,,,kg,,30.58,
plasma-convection-left-edition,,,,,,,,,"59cm x 84cm, 23.4inches x 33.1inches",,,Print only,,,,,9043365-3456703,0.0,shopify,deny,creativehub-fulfilment,99.00,,true,true,,,,,,https://cdn.shopify.com/s/files/1/0810/5515/4515/files/LEFT_ROLL.jpg?v=1738339379,3,"",,,,,,,,,,,,,,,,,,,kg,,57.68,
plasma-convection-left-edition,,,,,,,,,"30cm x 42cm, 11.7inches x 16.5inches",,,White,,,,,9043365-3456704,0.0,shopify,deny,creativehub-fulfilment,149.00,,true,true,,,,,,https://cdn.shopify.com/s/files/1/0810/5515/4515/files/LEFT_SKY.jpg?v=1738339379,4,"",,,,,,,,,,,,,,,,,,,kg,,58.71,
plasma-convection-left-edition,,,,,,,,,"42cm x 59cm, 16.5inches x 23.4inches",,,White,,,,,9043365-3456705,0.0,shopify,deny,creativehub-fulfilment,169.00,,true,true,,,,,,https://cdn.shopify.com/s/files/1/0810/5515/4515/files/LEFT2.jpg?v=1738339379,5,"",,,,,,,,,,,,,,,,,,,kg,,85.59,
plasma-convection-left-edition,,,,,,,,,"59cm x 84cm, 23.4inches x 33.1inches",,,White,,,,,9043365-3456706,0.0,shopify,deny,creativehub-fulfilment,199.00,,true,true,,,,,,https://cdn.shopify.com/s/files/1/0810/5515/4515/files/ALL1_7ded5e5f-d5f9-4cfc-9c2c-df045221d53e.jpg?v=1738339379,6,"",,,,,,,,,,,,,,,,,,,kg,,153.67,
plasma-convection-left-edition,,,,,,,,,,,,,,,,,,,,,,,,,,,,,,,https://cdn.shopify.com/s/files/1/0810/5515/4515/files/ALL2_69ab34d8-b38f-4e5a-ac99-5abeff638631.jpg?v=1738339379,7,"",,,,,,,,,,,,,,,,,,,,,,
plasma-convection-center-edition,Plasma Convection Center Edition,"<p class=""p1"">Plasma Convection is a printed edition derived from a commissioned original pen plot triptych. Its vibrant, flowing patterns draw inspiration from the energy convection processes of the sun.</p>
<p><meta charset=""utf-8"">‚Ä¢ Editions: 20 (numbered and signed)<br>¬†‚Ä¢ Weight: 250g/m¬≤ / 96lbs<br>¬†‚Ä¢ Finish: Semi Gloss<br>¬†‚Ä¢ Tone: Bright White<br>¬†‚Ä¢ Texture: Extra Smooth</p>",targz,"Home & Garden > Decor > Artwork > Posters, Prints, & Visual Artwork",Gicl√©e,"",true,Size,"30cm x 42cm, 11.7inches x 16.5inches",,Frame,Print only,,,,,9043364-3456743,0.0,shopify,deny,creativehub-fulfilment,49.00,,true,true,,,,,,https://cdn.shopify.com/s/files/1/0810/5515/4515/files/Center_Website_Poster_Close-up_4.jpg?v=1733134451,1,"",false,,,,,,,,,,,,,,,,,,kg,,21.14,active
plasma-convection-center-edition,,,,,,,,,"42cm x 59cm, 16.5inches x 23.4inches",,,Print only,,,,,9043364-3456744,0.0,shopify,deny,creativehub-fulfilment,69.00,,true,true,,,,,,https://cdn.shopify.com/s/files/1/0810/5515/4515/files/CENTER1.jpg?v=1738327875,2,"",,,,,,,,,,,,,,,,,,,kg,,30.58,
plasma-convection-center-edition,,,,,,,,,"59cm x 84cm, 23.4inches x 33.1inches",,,Print only,,,,,9043364-3456745,0.0,shopify,deny,creativehub-fulfilment,99.00,,true,true,,,,,,https://cdn.shopify.com/s/files/1/0810/5515/4515/files/museum_058532ff-1693-46af-a16a-f91e78a27bf7.png?v=1738339301,3,"",,,,,,,,,,,,,,,,,,,kg,,57.68,
plasma-convection-center-edition,,,,,,,,,"30cm x 42cm, 11.7inches x 16.5inches",,,White,,,,,9043364-3456746,0.0,shopify,deny,creativehub-fulfilment,149.00,,true,true,,,,,,https://cdn.shopify.com/s/files/1/0810/5515/4515/files/ALL1.jpg?v=1738339301,4,"",,,,,,,,,,,,,,,,,,,kg,,58.71,
plasma-convection-center-edition,,,,,,,,,"42cm x 59cm, 16.5inches x 23.4inches",,,White,,,,,9043364-3456747,0.0,shopify,deny,creativehub-fulfilment,169.00,,true,true,,,,,,https://cdn.shopify.com/s/files/1/0810/5515/4515/files/CENTER_ROLL.jpg?v=1738339301,5,"",,,,,,,,,,,,,,,,,,,kg,,85.59,
plasma-convection-center-edition,,,,,,,,,"59cm x 84cm, 23.4inches x 33.1inches",,,White,,,,,9043364-3456748,0.0,shopify,deny,creativehub-fulfilment,199.00,,true,true,,,,,,https://cdn.shopify.com/s/files/1/0810/5515/4515/files/CENTER_SKY.jpg?v=1738339301,6,"",,,,,,,,,,,,,,,,,,,kg,,153.67,
plasma-convection-center-edition,,,,,,,,,,,,,,,,,,,,,,,,,,,,,,,https://cdn.shopify.com/s/files/1/0810/5515/4515/files/CENTER2.jpg?v=1738339301,7,"",,,,,,,,,,,,,,,,,,,,,,
plasma-convection,Plasma Convection Canvas,"<p class=""p1"">Acrylic plotted on premium <strong>canvas</strong></p>
<p class=""p1""><strong>Type</strong>: Hand-Signed, Unique Original<br><strong>Medium</strong>: Acrylic on Canvas<br><strong>Frame</strong>: Floater frame<br><strong>Size</strong>: 28.7 x 19.7 inches / 73 x 50 cm<br><strong>Reference</strong>: 2024-06-15_BS-LXG48GI0<br><strong>Plotter</strong>: Custom-made pen plotter<br><strong>Pen</strong>: Molotov Pump Marker<br><strong>Ink Type</strong>: Acrylic<br><br></p>
<p class=""p1"">¬†</p>",Targz Shop,"Arts & Entertainment > Hobbies & Creative Arts > Arts & Crafts > Art & Crafting Materials > Craft Paint, Ink & Glaze > Art & Craft Paint","","",false,Title,Default Title,,,,,,,,2024-06-15_BS-LXG48GI0,0.0,shopify,deny,manual,1000.00,,true,true,,,,,"",https://cdn.shopify.com/s/files/1/0810/5515/4515/files/SIZE3_b7f49fe3-f6ab-465f-92b6-4a2a97638e12.jpg?v=1733603081,1,"",false,,,505417,,,,,,,,,,,Canvas,,yellow; orange; multicolor,,kg,,,active
plasma-convection,,,,,,,,,,,,,,,,,,,,,,,,,,,,,,,https://cdn.shopify.com/s/files/1/0810/5515/4515/files/Smartist-24-11-2024-17-41.png?v=1732466511,2,"",,,,,,,,,,,,,,,,,,,,,,
plasma-convection,,,,,,,,,,,,,,,,,,,,,,,,,,,,,,,https://cdn.shopify.com/s/files/1/0810/5515/4515/files/PACKSHOT_CROPED3.jpg?v=1738339343,3,"",,,,,,,,,,,,,,,,,,,,,,
plasma-convection,,,,,,,,,,,,,,,,,,,,,,,,,,,,,,,https://cdn.shopify.com/s/files/1/0810/5515/4515/files/PACKSHOT_CROPED1.jpg?v=1738339343,4,"",,,,,,,,,,,,,,,,,,,,,,
plasma-convection,,,,,,,,,,,,,,,,,,,,,,,,,,,,,,,https://cdn.shopify.com/s/files/1/0810/5515/4515/files/PACKSHOT_CROPED4.png?v=1738339343,5,"",,,,,,,,,,,,,,,,,,,,,,
plasma-convection,,,,,,,,,,,,,,,,,,,,,,,,,,,,,,,https://cdn.shopify.com/s/files/1/0810/5515/4515/files/PACKSHOT_CROPED5.png?v=1738339343,6,"",,,,,,,,,,,,,,,,,,,,,,
plasma-convection,,,,,,,,,,,,,,,,,,,,,,,,,,,,,,,https://cdn.shopify.com/s/files/1/0810/5515/4515/files/PACKSHOT_CROPED6.jpg?v=1738339343,7,"",,,,,,,,,,,,,,,,,,,,,,
plasma-convection,,,,,,,,,,,,,,,,,,,,,,,,,,,,,,,https://cdn.shopify.com/s/files/1/0810/5515/4515/files/PACKSHOT_CROPED_FULL.jpg?v=1738339343,8,"",,,,,,,,,,,,,,,,,,,,,,
amoeba-edition,Amoeba - Edition,"<p>Amoeba edition is a high-quality print, crafted from the original pen plot and perfectly reproducing all the details of the original. This limited edition includes only 20 pieces.</p>
<p><meta charset=""utf-8"">‚Ä¢ Editions: 20 (numbered and signed)<br>¬†‚Ä¢ Weight: 250g/m¬≤ / 96lbs<br>¬†‚Ä¢ Finish: Semi Gloss<br>¬†‚Ä¢ Tone: Bright White<br>¬†‚Ä¢ Texture: Extra Smooth</p>",targz,"Home & Garden > Decor > Artwork > Posters, Prints, & Visual Artwork",Gicl√©e,"",false,Size,"30cm x 42cm, 11.7inches x 16.5inches",,Frame,Print only,,,,,9018335-3436417,0.0,shopify,deny,creativehub-fulfilment,49.00,,true,true,,,,,,https://cdn.shopify.com/s/files/1/0810/5515/4515/files/Website_Poster_Close-up_4_154310db-5b41-4d98-aca2-21ce5f56ffa9.jpg?v=1733134232,1,"",false,,,,,,,,,,,,,,,,,,kg,,21.14,active
amoeba-edition,,,,,,,,,"42cm x 59cm, 16.5inches x 23.4inches",,,Print only,,,,,9018335-3436418,0.0,shopify,deny,creativehub-fulfilment,69.00,,true,true,,,,,,https://cdn.shopify.com/s/files/1/0810/5515/4515/files/Amoeba-edition-3.png?v=1731770534,2,"",,,,,,,,,,,,,,,,,,,kg,,30.58,
amoeba-edition,,,,,,,,,"59cm x 84cm, 23.4inches x 33.1inches",,,Print only,,,,,9018335-3436419,0.0,shopify,deny,creativehub-fulfilment,99.00,,true,true,,,,,,https://cdn.shopify.com/s/files/1/0810/5515/4515/files/Amoeba-edition-7.png?v=1731770700,3,"",,,,,,,,,,,,,,,,,,,kg,,57.68,
amoeba-edition,,,,,,,,,"30cm x 42cm, 11.7inches x 16.5inches",,,Black,,,,,9018335-3436420,0.0,shopify,deny,creativehub-fulfilment,149.00,,true,true,,,,,,https://cdn.shopify.com/s/files/1/0810/5515/4515/files/Amoeba-edition-6.png?v=1731770639,4,"",,,,,,,,,,,,,,,,,,,kg,,58.71,
amoeba-edition,,,,,,,,,"42cm x 59cm, 16.5inches x 23.4inches",,,Black,,,,,9018335-3436421,0.0,shopify,deny,creativehub-fulfilment,169.00,,true,true,,,,,,https://cdn.shopify.com/s/files/1/0810/5515/4515/files/Amoeba-edition-2.png?v=1731770534,5,"",,,,,,,,,,,,,,,,,,,kg,,85.59,
amoeba-edition,,,,,,,,,"59cm x 84cm, 23.4inches x 33.1inches",,,Black,,,,,9018335-3436422,0.0,shopify,deny,creativehub-fulfilment,199.00,,true,true,,,,,,https://cdn.shopify.com/s/files/1/0810/5515/4515/files/Amoeba-edition-4.png?v=1731770534,6,"",,,,,,,,,,,,,,,,,,,kg,,153.67,
amoeba-edition,,,,,,,,,,,,,,,,,,,,,,,,,,,,,,,https://cdn.shopify.com/s/files/1/0810/5515/4515/files/Amoeba-edition-5.png?v=1731770534,7,"",,,,,,,,,,,,,,,,,,,,,,
vinyl-impression-n-1-edition,Vinyl Impression N¬∞1 - Edition,"<p>Vinyl Impression N¬∞1 Edition is a high-quality print, crafted from the <a href=""https://shop.targz.fr/products/vinyl-impression-n-1"" data-mce-href=""https://shop.targz.fr/products/vinyl-impression-n-1"">original pen plot</a> and perfectly reproducing all the details of the original.</p>
<p>¬†‚Ä¢ Editions: 20 (numbered and signed)<br>¬†‚Ä¢ Weight: 250g/m¬≤ / 96lbs<br>¬†‚Ä¢ Finish: Semi Gloss<br>¬†‚Ä¢ Tone: Bright White<br>¬†‚Ä¢ Texture: Extra Smooth</p>",targz,"Home & Garden > Decor > Artwork > Posters, Prints, & Visual Artwork",Gicl√©e,"",true,Size,"30cm x 42cm, 11.7inches x 16.5inches",,Frame,Print only,,,,,8927783-3351351,0.0,shopify,deny,creativehub-fulfilment,49.00,,true,true,,,,,,https://cdn.shopify.com/s/files/1/0810/5515/4515/files/Website_Poster_Close-up_4_d2d226d4-8075-4ac7-9351-791f37879c0a.jpg?v=1733134157,1,"",false,,,9,,,,,,,,,,,,,,,kg,,21.14,active
vinyl-impression-n-1-edition,,,,,,,,,"42cm x 59cm, 16.5inches x 23.4inches",,,Print only,,,,,8927783-3351352,0.0,shopify,deny,creativehub-fulfilment,69.00,,true,true,,,,,,https://cdn.shopify.com/s/files/1/0810/5515/4515/files/Vinyl-Impression-N_1-SIZE5.png?v=1731767793,2,"",,,,,,,,,,,,,,,,,,,kg,,30.58,
vinyl-impression-n-1-edition,,,,,,,,,"59cm x 84cm, 23.4inches x 33.1inches",,,Print only,,,,,8927783-3351353,0.0,shopify,deny,creativehub-fulfilment,99.00,,true,true,,,,,,https://cdn.shopify.com/s/files/1/0810/5515/4515/files/Vinyl-Impression-N_1-SIZE2.png?v=1731767793,3,"",,,,,,,,,,,,,,,,,,,kg,,57.68,
vinyl-impression-n-1-edition,,,,,,,,,"30cm x 42cm, 11.7inches x 16.5inches",,,Black,,,,,8927783-3351354,0.0,shopify,deny,creativehub-fulfilment,149.00,,true,true,,,,,,https://cdn.shopify.com/s/files/1/0810/5515/4515/files/Vinyl-Impression-N_1-SIZE3.png?v=1731767794,4,"",,,,,,,,,,,,,,,,,,,kg,,58.71,
vinyl-impression-n-1-edition,,,,,,,,,"42cm x 59cm, 16.5inches x 23.4inches",,,Black,,,,,8927783-3351355,0.0,shopify,deny,creativehub-fulfilment,169.00,,true,true,,,,,,https://cdn.shopify.com/s/files/1/0810/5515/4515/files/Vinyl-Impression-N_1-SIZE6.png?v=1731767793,5,"",,,,,,,,,,,,,,,,,,,kg,,85.59,
vinyl-impression-n-1-edition,,,,,,,,,"59cm x 84cm, 23.4inches x 33.1inches",,,Black,,,,,8927783-3351356,0.0,shopify,deny,creativehub-fulfilment,199.00,,true,true,,,,,,https://cdn.shopify.com/s/files/1/0810/5515/4515/files/Vinyl-Impression-N_1-SIZE4.png?v=1731767793,6,"",,,,,,,,,,,,,,,,,,,kg,,153.67,
synapse-orange,Synapse - Orange,"<p>For better or worse</p>
<p><meta charset=""utf-8""><strong>Type</strong>: Hand-Signed, Unique Original<br data-mce-fragment=""1""><strong>Size</strong> : A1 - 594x841mm / 23 x 33 inch<br data-mce-fragment=""1""><strong>Reference</strong>: 2024-05-24_BS-LWKW2QWV-ORANGE<br data-mce-fragment=""1""><strong>Plotter</strong>: Custom made Pen Plotter<br data-mce-fragment=""1""><strong>Pen</strong>: Ecoline Pen<br data-mce-fragment=""1""><strong>Ink type</strong>: Ecoline Watercolor<br data-mce-fragment=""1""><strong>1st path ink</strong>: Magenta 337<br data-mce-fragment=""1""><strong>2nd path ink</strong>: Sky Blue 578<br data-mce-fragment=""1""><strong>Paper</strong> : cartridge Studio Gerstaecker by Clairefontaine <br data-mce-fragment=""1""><strong>Paper Weight</strong>¬†: 250g/m¬≤ / 90lbs<br data-mce-fragment=""1""><strong>Frame</strong>: Unframed</p>
<!-- notionvc: 437d649f-eeeb-46f3-bdaa-799122d774d2 --><!---->",Targz Shop,Electronics > Communications > Telephony > Mobile & Smart Phone Accessories > Mobile Phone Cases,pen ploter art piece,"",false,Title,Default Title,,,,,,,,2024-05-24_BS-LWKW2QWV-ORANGE,0.0,shopify,deny,manual,400.00,,true,true,,,,,,https://cdn.shopify.com/s/files/1/0810/5515/4515/files/PACKSHOT_CROPED_3422167e-6d50-4e86-8ba3-c848afcf65a9.jpg?v=1720728193,1,"",false,,,2353,,,,,,,,,,,,,,,kg,,,active
synapse-orange,,,,,,,,,,,,,,,,,,,,,,,,,,,,,,,https://cdn.shopify.com/s/files/1/0810/5515/4515/files/EKAP6751.jpg?v=1720728412,2,"",,,,,,,,,,,,,,,,,,,,,,
synapse-orange,,,,,,,,,,,,,,,,,,,,,,,,,,,,,,,https://cdn.shopify.com/s/files/1/0810/5515/4515/files/design1_c6f97dd1-c0a9-40a8-b012-35f7035c249c.jpg?v=1720728425,3,"",,,,,,,,,,,,,,,,,,,,,,
synapse-blue,Synapse - Blue,"<p>For better or worse</p>
<p><meta charset=""utf-8"">Edition: 1/1 Size : A1 - 594x841mm / 23 x 33 inch<br data-mce-fragment=""1"">Reference: 2024-05-24_BS-LWKW2QWV-BLUE<br data-mce-fragment=""1"">Plotter: Custom made Pen Plotter<br data-mce-fragment=""1"">Pen: Ecoline Pen<br data-mce-fragment=""1"">Ink type: Ecoline Watercolor<br data-mce-fragment=""1"">1st path ink: Magenta 337<br data-mce-fragment=""1"">2nd path ink: Sky Blue 578<br data-mce-fragment=""1"">PAPER : cartridge Studio Gerstaecker by Clairefontaine <br data-mce-fragment=""1"">PAPER WEIGHT : 250g/m¬≤ / 90lbs<br data-mce-fragment=""1"">FRAME: Unframed</p>
<!-- notionvc: 437d649f-eeeb-46f3-bdaa-799122d774d2 --><!---->",Targz Shop,Electronics > Communications > Telephony > Mobile & Smart Phone Accessories > Mobile Phone Cases,pen ploter art piece,"",false,Title,Default Title,,,,,,,,2024-05-24_BS-LWKW2QWV-BLUE,0.0,shopify,deny,manual,400.00,,true,true,,,,,"",https://cdn.shopify.com/s/files/1/0810/5515/4515/files/PACKSHOT_CROPED_4b0f5a1c-88cd-4485-b686-f391a827b601.jpg?v=1720727914,1,"",false,,,2353,,,,,,,,,,,,,,,kg,,,active
synapse-blue,,,,,,,,,,,,,,,,,,,,,,,,,,,,,,,https://cdn.shopify.com/s/files/1/0810/5515/4515/files/MD0A9886.jpg?v=1720729330,2,"",,,,,,,,,,,,,,,,,,,,,,
figure-eight-knot-edition,Figure-eight Knot - Edition,"<p>The Figure Eight Knot Edition is a high-quality print, crafted from the <a href=""https://shop.targz.fr/products/figure-eight-knot"">original pen plot</a> and perfectly reproducing all the details of the original.¬†</p>
<p>‚Ä¢ Editions: 20 (numbered and signed)<br>¬†‚Ä¢ Weight: 250g/m¬≤ / 96lbs<br>¬†‚Ä¢ Finish: Semi Gloss<br>¬†‚Ä¢ Tone: Bright White<br>¬†‚Ä¢ Texture: Extra Smooth</p>",targz,"Home & Garden > Decor > Artwork > Posters, Prints, & Visual Artwork",Gicl√©e,"",true,Size,"30cm x 42cm, 11.7inches x 16.5inches",,Frame,Print only,,,,,8675657-3167820,0.0,shopify,deny,creativehub-fulfilment,49.00,,true,true,,,,,,https://cdn.shopify.com/s/files/1/0810/5515/4515/files/Website_Poster_Close-up_4_d287dc36-643b-45f3-b725-1895905294d3.jpg?v=1733134081,1,"",false,,,,,,,,,,,,,,,,,,kg,,19.94,active
figure-eight-knot-edition,,,,,,,,,"42cm x 59cm, 16.5inches x 23.4inches",,,Print only,,,,,8675657-3210887,0.0,shopify,deny,creativehub-fulfilment,69.00,,true,true,,,,,,https://cdn.shopify.com/s/files/1/0810/5515/4515/files/Smartist-02-07-2024-11-50.jpg?v=1719914527,2,"",,,,,,,,,,,,,,,,,,,kg,,28.85,
figure-eight-knot-edition,,,,,,,,,"59cm x 84cm, 23.4inches x 33.1inches",,,Print only,,,,,8675657-3210891,0.0,shopify,deny,creativehub-fulfilment,99.00,,true,true,,,,,,https://cdn.shopify.com/s/files/1/0810/5515/4515/files/SIZE4.jpg?v=1738339841,3,"",,,,,,,,,,,,,,,,,,,kg,,54.42,
figure-eight-knot-edition,,,,,,,,,"30cm x 42cm, 11.7inches x 16.5inches",,,Black,,,,,8675657-3210893,0.0,shopify,deny,creativehub-fulfilment,149.00,,true,true,,,,,,https://cdn.shopify.com/s/files/1/0810/5515/4515/files/Smartist-02-07-2024-11-52_81bf01d3-323b-483f-a6e9-f31a05133b74.png?v=1738339841,4,"",,,,,,,,,,,,,,,,,,,kg,,55.38,
figure-eight-knot-edition,,,,,,,,,"42cm x 59cm, 16.5inches x 23.4inches",,,Black,,,,,8675657-3210909,0.0,shopify,deny,creativehub-fulfilment,169.00,,true,true,,,,,,https://cdn.shopify.com/s/files/1/0810/5515/4515/files/SIZE3.jpg?v=1738339841,5,"",,,,,,,,,,,,,,,,,,,kg,,80.75,
figure-eight-knot-edition,,,,,,,,,"59cm x 84cm, 23.4inches x 33.1inches",,,Black,,,,,8675657-3210910,0.0,shopify,deny,creativehub-fulfilment,199.00,,true,true,,,,,,https://cdn.shopify.com/s/files/1/0810/5515/4515/files/SIZE_EXPORT.jpg?v=1738339841,6,"",,,,,,,,,,,,,,,,,,,kg,,144.98,
figure-eight-knot-edition,,,,,,,,,,,,,,,,,,,,,,,,,,,,,,,https://cdn.shopify.com/s/files/1/0810/5515/4515/files/Smartist-02-07-2024-11-49.jpg?v=1738339841,7,"",,,,,,,,,,,,,,,,,,,,,,
green-lagoon,‚ú≥Ô∏è¬†Green Lagoon,"<p><meta charset=""utf-8"">Primordial soup emergence.<!-- notionvc: bc6e71c1-51ae-4ddc-94de-c4559c15d79a --></p>
<p>Edition: 1 (piece are signed a numbered)<br>Size : A1 - 594x841mm / 23 x 33 inch<br data-mce-fragment=""1"">Reference: 2024-03-24_BS-LU5KDDJP<br data-mce-fragment=""1"">Plotter: Custom made Pen Plotter<br data-mce-fragment=""1"">Pen: Ecoline Pen<br data-mce-fragment=""1"">Ink type: Ecoline Watercolor<br data-mce-fragment=""1"">1st path ink: Green 600<br data-mce-fragment=""1"">2nd path ink: Sky Blue 578<br data-mce-fragment=""1"">PAPER : cartridge Studio Gerstaecker by Clairefontaine <br data-mce-fragment=""1"">PAPER WEIGHT : 250g/m¬≤ / 90lbs<br data-mce-fragment=""1"">FRAME: Unframed<br data-mce-fragment=""1""></p>
<p>¬†</p>",Targz Shop,"Home & Garden > Decor > Artwork > Posters, Prints, & Visual Artwork","","",false,Title,Default Title,,,,,,,,2024-03-24_BS-LU5KDDJP,0.0,shopify,deny,manual,400.00,,true,true,,,,,"",https://cdn.shopify.com/s/files/1/0810/5515/4515/files/PACKSHOT_CROPED_fc1443a9-9bde-4262-83bc-0a070c7d9137.jpg?v=1714232175,1,"",false,‚ú≥Ô∏è Green Lagoon,,,,,,,,,,,,,,,,,kg,,,active
green-lagoon,,,,,,,,,,,,,,,,,,,,,,,,,,,,,,,https://cdn.shopify.com/s/files/1/0810/5515/4515/files/PACKSHOT1_79290193-86a2-4dd0-877e-dca58f265b41.jpg?v=1714232175,2,"",,,,,,,,,,,,,,,,,,,,,,
green-lagoon,,,,,,,,,,,,,,,,,,,,,,,,,,,,,,,https://cdn.shopify.com/s/files/1/0810/5515/4515/files/PACKSHOT2_c7cbcf1c-7c2c-47b9-b57e-01cb1d9649fd.jpg?v=1714232175,3,"",,,,,,,,,,,,,,,,,,,,,,
green-lagoon,,,,,,,,,,,,,,,,,,,,,,,,,,,,,,,https://cdn.shopify.com/s/files/1/0810/5515/4515/files/PACKSHOT3_69505188-22c6-433e-9e51-c1500091807e.jpg?v=1714232175,4,"",,,,,,,,,,,,,,,,,,,,,,
green-lagoon,,,,,,,,,,,,,,,,,,,,,,,,,,,,,,,https://cdn.shopify.com/s/files/1/0810/5515/4515/files/PACKSHOT4_a415bfa5-0127-4785-b38a-d0b924892c75.jpg?v=1714232175,5,"",,,,,,,,,,,,,,,,,,,,,,
‚öõÔ∏è-particle-asymmetry,‚öõÔ∏è Particle Asymmetry,"<p>Atomic bits balanced into order.</p>
<p data-mce-fragment=""1""><strong>Type</strong>: Hand-Signed, Unique Original<br><strong>Size</strong> : A1 - 594x841mm / 23 x 33 inch<br data-mce-fragment=""1""><strong>Reference</strong>: 2024-03-09_BS-LTK49D8C<br data-mce-fragment=""1""><strong>Plotter</strong>: Custom made Pen Plotter<br data-mce-fragment=""1""><strong>Pen</strong>: Ecoline Pen<br data-mce-fragment=""1""><strong>Ink type</strong>: Ecoline Watercolor<br data-mce-fragment=""1""><strong>1st path ink</strong>: Magenta 337<br data-mce-fragment=""1""><strong>2nd path ink</strong>: Sky Blue 578<br data-mce-fragment=""1""><strong>Paper</strong> : cartridge Studio Gerstaecker by Clairefontaine <br data-mce-fragment=""1""><b>Paper Weight</b>¬†: 250g/m¬≤ / 90lbs<br data-mce-fragment=""1""><strong>Frame</strong>: Unframed<br data-mce-fragment=""1""><br data-mce-fragment=""1""><br data-mce-fragment=""1""></p>",Targz Shop,"Home & Garden > Decor > Artwork > Posters, Prints, & Visual Artwork","","",false,Title,Default Title,,,,,,,,"",0.0,shopify,deny,manual,400.00,,true,true,,,,,"",https://cdn.shopify.com/s/files/1/0810/5515/4515/files/PACKSHOT_CROPED_19543fe7-e8b9-44ee-ace8-bb28784a807d.jpg?v=1714232008,1,"",false,,,,,,,,,,,,,,,,,,kg,,,active
‚öõÔ∏è-particle-asymmetry,,,,,,,,,,,,,,,,,,,,,,,,,,,,,,,https://cdn.shopify.com/s/files/1/0810/5515/4515/files/PACKSHOT3_b14440fe-c219-4030-a7b4-258d85debfd0.jpg?v=1736799398,2,"",,,,,,,,,,,,,,,,,,,,,,
‚öõÔ∏è-particle-asymmetry,,,,,,,,,,,,,,,,,,,,,,,,,,,,,,,https://cdn.shopify.com/s/files/1/0810/5515/4515/files/PACKSHOT2_b102ad9b-87a9-4788-8816-30e583885a6b.jpg?v=1736799398,3,"",,,,,,,,,,,,,,,,,,,,,,
‚öõÔ∏è-particle-asymmetry,,,,,,,,,,,,,,,,,,,,,,,,,,,,,,,https://cdn.shopify.com/s/files/1/0810/5515/4515/files/PACKSHOT4_970b7cd1-e963-41b0-a31a-540707dba58d.jpg?v=1736799398,4,"",,,,,,,,,,,,,,,,,,,,,,
blended-squares-n-25,BLENDED SQUARES N¬∞25,"<p>The piece is part of a series of square patterns designed to be plotted twice with two different watercolors. Each plot is made using a parallel pen at different angles which leads to a blend between the two-color used.<br data-mce-fragment=""1""></p>
<p>¬†</p>
<p>REFERENCE: 025-LxL_C_CxC_L-1 - Z4 A2<br>PLOTTER: Custom made Pen Plotter<br>PEN: Parallel pen 3.8mm<br>INK 1: Ecoline watercolor Skyblue 578 - 90¬∞<br>INK 2: Ecoline watercolor Magenta 337 - 135¬∞<br>PAPER: FABRIANO WHITE WHITE 300g/m¬≤<br>FRAME: Not framed<br>PAPER SIZE: A2 (420X594MM / 16.5X23.3INCH)</p>",Targz Shop,"Home & Garden > Decor > Artwork > Posters, Prints, & Visual Artwork",pen ploter art piece,"",false,Title,Default Title,,,,,,,,"",0.0,shopify,deny,manual,150.00,200.00,true,true,,,,,"",https://cdn.shopify.com/s/files/1/0810/5515/4515/files/PACKSHOT_CROPED_d2b2c80b-feea-4a44-85f4-cd53a8e6a380.jpg?v=1714231711,1,"",false,,,,,,,,,,,,,,FABRIANO WHITE WHITE 300g/m¬≤,,,,kg,,,active
blended-squares-n-25,,,,,,,,,,,,,,,,,,,,,,,,,,,,,,,https://cdn.shopify.com/s/files/1/0810/5515/4515/files/PACKSHOT2_3706ad56-ea96-4682-819b-0a3c067ffb60.jpg?v=1714231711,2,"",,,,,,,,,,,,,,,,,,,,,,
blended-squares-n-25,,,,,,,,,,,,,,,,,,,,,,,,,,,,,,,https://cdn.shopify.com/s/files/1/0810/5515/4515/files/design1b_2c8cf746-5774-4ef7-a13f-8ce0195aa11a.jpg?v=1714231709,3,"",,,,,,,,,,,,,,,,,,,,,,
left-and-right-space-noodle,üëæ Left And Right Space Noodle,"<p><meta charset=""utf-8""><span data-mce-fragment=""1"">Crafted through a blend of colors, this piece is an A1 pen plotter's creation, cut into a diptych. Each piece can live alone but also could be displayed as a diptych.</span></p>
<p><strong>Type</strong>: One of 3 Unique Originals (signed a numbered 1-3 / <meta charset=""utf-8"">3 Left and 3 Right):<br><strong>Size</strong>: A2 (420 X 594 MM / 11.7 X 16.5 INCH)<br><strong>Reference</strong>: 2023-03-04-BS-LEU59HX6<br><strong>Plotter</strong>: Custom made Pen Plotter<br><strong>Pen</strong>: Pilot Parallel pen 2.4mm<br><strong>Ink type</strong>: Ecoline Watercolor<br><strong>1st path ink</strong>: Sky Blue 578 (135¬∞)<br><strong>2nd path ink</strong>: Magenta 337 (0¬∞)<br><strong>Paper</strong>: cartridge Studio Gerstaecker by Clairefontaine<br><strong>Paper Weight</strong>: 250g/m¬≤ / 90lbs<br><strong>Frame</strong>: Unframed<br></p>
<ul></ul>
<p>¬†<br></p>",Targz Shop,"Home & Garden > Decor > Artwork > Posters, Prints, & Visual Artwork","","",false,Style,LEFT,,,,,,,,2024-01-21_BS-LRNDGAOD-L,0.0,shopify,deny,manual,200.00,,true,true,,,,,"",https://cdn.shopify.com/s/files/1/0810/5515/4515/files/PACKSHOT_CROPED_L.jpg?v=1714233557,1,"",false,,,,,,,,,,,,,,,,,,kg,,,active
left-and-right-space-noodle,,,,,,,,,RIGHT,,,,,,,,2024-01-21_BS-LRNDGAOD-R,0.0,shopify,deny,manual,200.00,,true,true,,,,,"",https://cdn.shopify.com/s/files/1/0810/5515/4515/files/PACKSHOT_CROPED_R.jpg?v=1714233557,2,"",,,,,,,,,,,,,,,,,,,kg,,,
left-and-right-space-noodle,,,,,,,,,LEFT & RIGHT,,,,,,,,2024-01-21_BS-LRNDGAOD-LR,0.0,shopify,deny,manual,300.00,,true,true,,,,,"",https://cdn.shopify.com/s/files/1/0810/5515/4515/files/PACKSHOT_RL1.jpg?v=1714233557,3,"",,,,,,,,,,,,,,,,,,,kg,,,
left-and-right-space-noodle,,,,,,,,,,,,,,,,,,,,,,,,,,,,,,,https://cdn.shopify.com/s/files/1/0810/5515/4515/files/PACKSHOT_RL2.jpg?v=1714233557,4,"",,,,,,,,,,,,,,,,,,,,,,
luminous-gradient-n-2,ü™¢ Luminous Gradient N¬∞2,"This piece is part of a series that play on gradients made of line. Lines are delicately plotted in proximity, creating a captivating visual.<br>
<ul>
<li>FRAME: Unframed</li>
<li>EDITION: 1, numbered and signed</li>
<li>SIZE: A1 (594x841mm / 23 x 33 in)</li>
<li>REFERENCE: 2023-04-27_BS-LGZH2CRF</li>
<li>PLOTTER: Custom made Pen Plotter</li>
<li>PEN: Pump Marker with 4 mm Round tip</li>
<li>INK : Acrylic</li>
<li>COLORS: Dark red, Coral, Purple and Black</li>
<li>PAPER : Cartridge Studio Gerstaecker by Clairefontaine</li>
<li>PAPER WEIGHT : 250g/m¬≤ / 90lbs</li>
</ul>
<br>",Targz Shop,"Home & Garden > Decor > Artwork > Posters, Prints, & Visual Artwork","","",false,Title,Default Title,,,,,,,,2023-04-27_BS-LGZH2CRF,0.0,shopify,deny,manual,400.00,,true,true,,,,,,https://cdn.shopify.com/s/files/1/0810/5515/4515/files/PACKSHOT_CROPED_a3a95be8-7c54-4c8c-8a89-50e42f198cbd.jpg?v=1714233623,1,"",false,,,,,,,,,,,,,,,,,,kg,,,active
luminous-gradient-n-2,,,,,,,,,,,,,,,,,,,,,,,,,,,,,,,https://cdn.shopify.com/s/files/1/0810/5515/4515/files/PACKSHOT_frame_A3C_5952aeb9-54be-497d-8d04-143f9a17f3ce.jpg?v=1714233621,2,"",,,,,,,,,,,,,,,,,,,,,,
luminous-gradient-n-2,,,,,,,,,,,,,,,,,,,,,,,,,,,,,,,https://cdn.shopify.com/s/files/1/0810/5515/4515/files/PACKSHOT_frame_A3D_5a78c822-4555-4013-9aad-cc186e3f5c4c.jpg?v=1714233621,3,"",,,,,,,,,,,,,,,,,,,,,,
üç•-pink-gold-blended-squares-n-20b,üç• pink&gold Blended Squares N¬∞20B,"<p>A composition inspired by both modern tiling algorithm and ancient Arabic patterns.<br>This piece is plotted on a pen plotter tailor made to handle large paper using alcohol-based ""gold"" and pink ink and a pump marker on an A1 white sheet.<br>‚ö†Ô∏è Gold ink is challenging to photograph, and its color has been edited to appear closer to reality. However, please note that the actual color may differ.<br><br></p>
<p><strong>Type</strong>: One of 4 Unique Originals (signed a numbered 1-4)<br><strong>Size</strong>: A1 (594x841mm / 23 x 33 in)<br><strong>Reference</strong>: 021-C_LxL_CxC2xL_CxC-1<br><strong>Plotter</strong>: Custom made Pen Plotter<br><strong>Pen</strong>: Pump Marker with 4 mm Round tip<br><strong>Ink 1</strong>: Molotow alcohol-based GOLD<br><strong>Ink 2</strong>: Molotow alcohol-based PINK<br><strong>Paper</strong>: Paint On Noir Clairefontaine<br><strong>Paper Weight</strong>: 250g/m¬≤ / 90lbs<br><strong>Frame</strong>: Not framed</p>
<p><br><br></p>",Targz Shop,"Home & Garden > Decor > Artwork > Posters, Prints, & Visual Artwork","","",false,Title,Default Title,,,,,,,,021-C_LxL_CxC2xL_CxC-1,0.0,shopify,deny,manual,400.00,,true,true,,,,,"",https://cdn.shopify.com/s/files/1/0810/5515/4515/files/PACKSHOT_CROPED_2ec65060-a028-4760-b999-2a2183b18095.jpg?v=1714234595,1,"",false,,,,,,,,,,,,,,,,,,kg,,,active
üç•-pink-gold-blended-squares-n-20b,,,,,,,,,,,,,,,,,,,,,,,,,,,,,,,https://cdn.shopify.com/s/files/1/0810/5515/4515/files/design1.png?v=1714234595,2,"",,,,,,,,,,,,,,,,,,,,,,
üç•-pink-gold-blended-squares-n-20b,,,,,,,,,,,,,,,,,,,,,,,,,,,,,,,https://cdn.shopify.com/s/files/1/0810/5515/4515/files/PACKSHOT_frame_A3C_ca541dcc-af7a-48ef-91c1-bd564cc233c6.jpg?v=1714234595,3,"",,,,,,,,,,,,,,,,,,,,,,
copy-of-luminous-gradient-n-1,ü™¢ Luminous Gradient N¬∞3,"This piece is part of a series that play on gradients made of line. Lines are delicately plotted in proximity, creating a captivating visual.<br>
<ul>
<li>FRAME: Unframed</li>
<li>EDITION: 1, numbered and signed</li>
<li>SIZE: A1 (594x841mm / 23 x 33 in)</li>
<li>REFERENCE: 2023-04-27_BS-LGZH3CLY</li>
<li>PLOTTER: Custom made Pen Plotter</li>
<li>PEN: Pump Marker with 4 mm Round tip</li>
<li>INK : Acrylic</li>
<li>COLORS: Dark red, Coral, Purple and Black</li>
<li>PAPER : Cartridge Studio Gerstaecker by Clairefontaine</li>
<li>PAPER WEIGHT : 250g/m¬≤ / 90lbs</li>
</ul>
<br>",Targz Shop,"Home & Garden > Decor > Artwork > Posters, Prints, & Visual Artwork","","",false,Title,Default Title,,,,,,,,2023-04-27_BS-LGZH3CLY,0.0,shopify,deny,manual,400.00,,true,true,,,,,,https://cdn.shopify.com/s/files/1/0810/5515/4515/files/PACKSHOT_CROPED_0ba170d2-ff4c-47a8-87ee-c40bec84dc81.jpg?v=1714233639,1,"",false,,,,,,,,,,,,,,,,,,kg,,,active
copy-of-luminous-gradient-n-1,,,,,,,,,,,,,,,,,,,,,,,,,,,,,,,https://cdn.shopify.com/s/files/1/0810/5515/4515/files/PACKSHOT_frame_A3A_b544dfac-3168-4641-bd09-97fd4787b293.jpg?v=1714233638,2,"",,,,,,,,,,,,,,,,,,,,,,
copy-of-luminous-gradient-n-1,,,,,,,,,,,,,,,,,,,,,,,,,,,,,,,https://cdn.shopify.com/s/files/1/0810/5515/4515/files/PACKSHOT_frame_A3C_9e935337-d0fc-407b-bc7a-34d757f221db.jpg?v=1714233638,3,"",,,,,,,,,,,,,,,,,,,,,,
luminous-gradient-n-1,ü™¢ Luminous Gradient N¬∞1,"This piece is part of a series that play on gradients made of line. Lines are delicately plotted in proximity, creating a captivating visual.<br>
<ul>
<li>FRAME: Unframed</li>
<li>EDITION: 1, numbered and signed</li>
<li>SIZE: A1 (594x841mm / 23 x 33 in)</li>
<li>REFERENCE: 2023-04-22_BS-LGS4Q045</li>
<li>PLOTTER: Custom made Pen Plotter</li>
<li>PEN: Pump Marker with 4 mm Round tip</li>
<li>INK : Acrylic</li>
<li>COLORS: Dark red, Coral, Purple and Black</li>
<li>PAPER : Cartridge Studio Gerstaecker by Clairefontaine</li>
<li>PAPER WEIGHT : 250g/m¬≤ / 90lbs</li>
</ul>
<br>",Targz Shop,"Home & Garden > Decor > Artwork > Posters, Prints, & Visual Artwork","","",false,Title,Default Title,,,,,,,,2023-04-22_BS-LGS4Q045,0.0,shopify,deny,manual,400.00,,true,true,,,,,"",https://cdn.shopify.com/s/files/1/0810/5515/4515/files/PACKSHOT_CROPED_03c8f6fd-db6e-4bc0-85ff-699e86fbf6a3.jpg?v=1714233602,1,"",false,,,,,,,,,,,,,,,,,,kg,,,active
luminous-gradient-n-1,,,,,,,,,,,,,,,,,,,,,,,,,,,,,,,https://cdn.shopify.com/s/files/1/0810/5515/4515/files/PACKSHOT_frame_A3C_7169cf7e-3c4f-4bd6-a978-9e3ac76653e4.jpg?v=1714233602,2,"",,,,,,,,,,,,,,,,,,,,,,
luminous-gradient-n-1,,,,,,,,,,,,,,,,,,,,,,,,,,,,,,,https://cdn.shopify.com/s/files/1/0810/5515/4515/files/PACKSHOT_frame_A3D_e5945c88-3bc5-4653-b2df-8edaf999e22e.jpg?v=1714233602,3,"",,,,,,,,,,,,,,,,,,,,,,
chromatic-interplay-n-2,üß¨ Chromatic Interplay N¬∞2,"<p>An Exploration of Color Moir√©. This piece is a generative art piece created using my own P5.js code, this artwork is part of a series of patterns called Chromatic Interplay. Each iteration of Chromatic Interplay is plotted multiple times, employing different colors and pen angles.<br><br><br></p>
<p><strong>Type</strong>: One of 4 Unique Originals (signed a numbered 1-4)<br><strong>Size</strong>: A3 (297x420mm / 11.7 x 16.5 in)<br><strong>Reference</strong>: 2023-06-17_BS-LJ03VEX6<br><strong>Plotter</strong>: Custom made Pen Plotter<br><strong>Pen</strong>: Parallel pen 2.4mm<br><strong>Ink 1</strong>: Ecoline watercolor Ultramarine deep 506 (135¬∞)<br><strong>Ink 2</strong>: Ecoline watercolor Magenta 337 (45¬∞)<br><strong>INK 3</strong>: Ecoline watercolor Light Orange 236 (90¬∞)<br><strong>Paper</strong>: cartridge Studio Gerstaecker by Clairefontaine<br><strong>Paper Weight</strong>: 250g/m¬≤ / 90lbs<br><strong>Frame</strong>: Unframed</p>
<p><br></p>",Targz Shop,"Home & Garden > Decor > Artwork > Posters, Prints, & Visual Artwork","","",false,Title,Default Title,,,,,,,,2023-06-17_BS-LJ03VEX6,0.0,shopify,deny,manual,100.00,,true,true,,,,,"",https://cdn.shopify.com/s/files/1/0810/5515/4515/files/PACKSHOT_CROPED_0291fe94-cfed-4b53-84a0-bd147d948fd8.jpg?v=1714232292,1,"",false,,,,,,,,,,,,,,,,,,kg,,,active
chromatic-interplay-n-2,,,,,,,,,,,,,,,,,,,,,,,,,,,,,,,https://cdn.shopify.com/s/files/1/0810/5515/4515/files/PACKSHOT_frame_A3C_4e8ce8f1-dd13-495e-8c7c-1ed64cfc7d7d.jpg?v=1714232292,2,"",,,,,,,,,,,,,,,,,,,,,,
chromatic-interplay-n-3,üß¨ Chromatic Interplay N¬∞3,"<br>An Exploration of Color Moir√©. Chromatic Interplay is a captivating generative art piece where chaos and beauty intertwine. Created using my own P5.js code, this artwork is part of a series of patterns.Each iteration of Chromatic Interplay is plotted multiple times, employing different colors and pen angles. This brings harmonious hues blends, creating captivating contrasts and gentle gradients.<br><br><br>
<ul>
<li>EDITION: 1 (signed a numbered 1/1)</li>
<li>SIZE: A2 (420 X 594 MM / 11.7 X 16.5 INCH)</li>
<li>REFERENCE: 2023-07-09_BS-LJV6Z6DS</li>
<li>PLOTTER: Custom made Pen Plotter</li>
<li>PEN: Parallel pen 2,4mm</li>
<li>INK 1: Ecoline watercolor Pastel Roser 390 (45¬∞)</li>
<li>INK 2: Ecoline watercolor Chartreuse 233 (45¬∞)</li>
<li>INK 3: Ecoline watercolor Turquoise Green-661 (135¬∞)</li>
<li>INK 4: Ecoline watercolor Pastel Roser 390 (135¬∞)</li>
<li>PAPER : cartridge Studio Gerstaecker by Clairefontaine</li>
<li>PAPER WEIGHT : 250g/m¬≤ / 90lbs</li>
</ul>
<br><br>",Targz Shop,"Home & Garden > Decor > Artwork > Posters, Prints, & Visual Artwork","","",false,Title,Default Title,,,,,,,,2023-07-09_BS-LJV6Z6DS,0.0,shopify,deny,manual,200.00,,true,true,,,,,"",https://cdn.shopify.com/s/files/1/0810/5515/4515/files/PACKSHOT_CROPED_fa038803-d1cf-41f8-8f8f-028e40dfc5a8.jpg?v=1714232337,1,"",false,,,,,,,,,,,,,,,,,,kg,,,active
chromatic-interplay-n-3,,,,,,,,,,,,,,,,,,,,,,,,,,,,,,,https://cdn.shopify.com/s/files/1/0810/5515/4515/files/PACKSHOT_frame_A3C.jpg?v=1714232337,2,"",,,,,,,,,,,,,,,,,,,,,,
chromatic-interplay-n-3,,,,,,,,,,,,,,,,,,,,,,,,,,,,,,,https://cdn.shopify.com/s/files/1/0810/5515/4515/files/PACKSHOT_frame_A3D.jpg?v=1714232337,3,"",,,,,,,,,,,,,,,,,,,,,,
vive-la-france,üá´üá∑ Vive La France üá´üá∑,"Vive la France is a pen plotted art piece that celebrates the French national day with alternating blue and red lines inspired by the cockade of France.<br data-mce-fragment=""1"">
<ul>
<li><br data-mce-fragment=""1""></li>
<li>EDITION: 1, numbered and signed</li>
<li>SIZE: A2 (420 X 594 MM / 11.7 X 16.5 INCH)</li>
<li>REFERENCE: 2023-07-14-LK2KHH2Q</li>
<li>PLOTTER: Custom made Pen Plotter</li>
<li>PEN: Pump Marker with 4 mm Round tip</li>
<li>INK : Montana Acrylic</li>
<li>COLORS: Royal red, Shock Blue Dark</li>
<li>PAPER : Fabriano White White</li>
<li>PAPER WEIGHT : 250g/m¬≤ / 90lbs</li>
</ul>",Targz Shop,"Home & Garden > Decor > Artwork > Posters, Prints, & Visual Artwork","","",false,Title,Default Title,,,,,,,,2023-07-14-LK2KHH2Q,0.0,shopify,deny,manual,200.00,,true,true,,,,,"",https://cdn.shopify.com/s/files/1/0810/5515/4515/files/PACKSHOT_CROPED_20faa372-1c95-4970-945b-abb93e397777.jpg?v=1714234702,1,"",false,,,,,,,,,,,,,,,,,,kg,,,active
vive-la-france,,,,,,,,,,,,,,,,,,,,,,,,,,,,,,,https://cdn.shopify.com/s/files/1/0810/5515/4515/files/design1_a7b46a1b-ab2f-488a-92c2-d79724e91c44.jpg?v=1714234702,2,"",,,,,,,,,,,,,,,,,,,,,,
vive-la-france,,,,,,,,,,,,,,,,,,,,,,,,,,,,,,,https://cdn.shopify.com/s/files/1/0810/5515/4515/files/design3_57787fdc-46db-46ee-b676-4af430461b55.jpg?v=1714234702,3,"",,,,,,,,,,,,,,,,,,,,,,
a-duet-of-gold-and-red-üåï,üåï A Duet of Gold and Red,"<p><br data-mce-fragment=""1"">This piece showcases an interplay of thick gold lines and delicate red accents. The boldness of the gold lines is complemented by the subtle touch of red, creating a visually striking composition.<br data-mce-fragment=""1"">‚ö†Ô∏è Gold ink is challenging to photograph, and its color has been edited to appear closer to reality. However, please note that the actual color may differ.<br data-mce-fragment=""1""><br data-mce-fragment=""1""></p>
<ul>
<li>FRAME: Unframed</li>
<li>EDITION: 1, numbered and signed</li>
<li>SIZE: A2 (420 X 594 mm /16.5 x 23.4 inches)</li>
<li>REFERENCE: 2023-07-15_BS-LK42GGKW</li>
<li>PLOTTER: Custom made Pen Plotter</li>
<li>PEN: Pump Marker with 4 mm &amp; 2mm Round tip</li>
<li>RED INK: Montana Acrylic Royal red</li>
<li>GOLD INK: Molotow Acrylic Gold Ink</li>
<li>PAPER : Fabriano White White</li>
<li>PAPER WEIGHT : 250g/m¬≤ / 90lbs</li>
</ul>
<p><br data-mce-fragment=""1""><br data-mce-fragment=""1""><br data-mce-fragment=""1""><br data-mce-fragment=""1""></p>",Targz Shop,"Home & Garden > Decor > Artwork > Posters, Prints, & Visual Artwork","","",false,Title,Default Title,,,,,,,,2023-07-15_BS-LK42GGKW,0.0,shopify,deny,manual,200.00,,true,true,,,,,"",https://cdn.shopify.com/s/files/1/0810/5515/4515/files/PACKSHOT_CROPED_e7b198d5-1f49-4aa6-bb51-7357f1b01add.jpg?v=1714233147,1,"",false,,,,,,,,,,,,,,,,,,kg,,,active
a-duet-of-gold-and-red-üåï,,,,,,,,,,,,,,,,,,,,,,,,,,,,,,,https://cdn.shopify.com/s/files/1/0810/5515/4515/files/PACKSHOT2_2a55fcbf-4058-4f18-b321-ff068c4e1eca.jpg?v=1714233147,2,"",,,,,,,,,,,,,,,,,,,,,,
a-duet-of-gold-and-red-üåï,,,,,,,,,,,,,,,,,,,,,,,,,,,,,,,https://cdn.shopify.com/s/files/1/0810/5515/4515/files/PACKSHOT3_1ab23e5b-3208-4eaa-9c3a-2efd9f34fb24.jpg?v=1714233147,3,"",,,,,,,,,,,,,,,,,,,,,,
fused-duality-n-1,üíò Fused Duality N¬∞1,"<p>This Pen Plotter Art piece is a generative artwork that merges opposing shapes, mixing the colors and shapes into a harmonious shape.</p>
<p><strong>TYPE</strong>: One of 4 Unique Originals (signed a numbered 1-4)<br><strong>SIZE</strong>: A1 - 594x841mm / 23 x 33 in <br><strong>REFERENCE</strong>: 2023-08-25_BS-LLQZ1IY2 <br><strong>PLOTTER</strong>: Custom made Pen Plotter <br><strong>PEN</strong>: Ecoline brush 2.5mm <br><strong>INK 1</strong>: Ecoline watercolor Sky Blue 578 <br><strong>INK 2</strong>: Ecoline watercolor Magenta 337 <br><strong>PAPER</strong> : cartridge Studio Gerstaecker by Clairefontaine <br><strong>PAPER WEIGHT</strong> : 250g/m¬≤ / 90lbs</p>",Targz Shop,"Home & Garden > Decor > Artwork > Posters, Prints, & Visual Artwork","","",false,Title,Default Title,,,,,,,,2023-08-25_BS-LLQZ1IY2,0.0,shopify,deny,manual,400.00,,true,true,,,,,"",https://cdn.shopify.com/s/files/1/0810/5515/4515/files/PACKSHOT_CROPED_17af6b51-286b-4087-bcae-788978f39616.jpg?v=1714233284,1,"",false,,,,,,,,,,,,,,,,,,kg,,,active
fused-duality-n-1,,,,,,,,,,,,,,,,,,,,,,,,,,,,,,,https://cdn.shopify.com/s/files/1/0810/5515/4515/files/design3_8ab0f1e8-02ca-4590-b121-dec2b733c9c7.jpg?v=1714233283,2,"",,,,,,,,,,,,,,,,,,,,,,
fused-duality-n-1,,,,,,,,,,,,,,,,,,,,,,,,,,,,,,,https://cdn.shopify.com/s/files/1/0810/5515/4515/files/design5_9578ae77-1d22-4196-97d2-9ca03a66fa74.jpg?v=1714233283,3,"",,,,,,,,,,,,,,,,,,,,,,
chromatic-interplay-n-6,üß¨ Chromatic Interplay N¬∞6,"<p><br><br>An Exploration of Color Moir√©. This piece is a generative Pen Plotter Art piece created using my own P5.js code, this artwork is part of a series of patterns called Chromatic Interplay. Each iteration of Chromatic Interplay is plotted multiple times, employing different colors and pen angles. <br><br>‚ÑπÔ∏è A small ink droplet has stained the lower part of the artwork near the area where the artwork's identification number is present. Such minor accidents can occur during the printing process on the pen plotter. It does not affect the quality of the artwork in any way, but it is important to mention it so that you are not surprised. Depending on your preferences, I can also cover the stain with white if you'd like.<br><br></p>
<p><strong>Type</strong>: Hand-Signed, Unique Original<br><strong>Size</strong>: A1 - 594x841mm / 23 x 33 in<br><strong>Reference</strong>: 2023-08-29_BS-LLWOSKAG<br><strong>Plotter</strong>: Custom made Pen Plotter<br><strong>Pen</strong>: Parallel pen 2.4mm<br><strong>Ink 1</strong>: Ecoline watercolor Chartreuse 233 (45¬∞)<br><strong>Ink 2</strong>: Ecoline watercolor Magenta 337 (90¬∞)<br><strong>Paper</strong>: cartridge Studio Gerstaecker by Clairefontaine<br><strong>Paper Weight</strong>: 250g/m¬≤ / 90lbs</p>
<p><br><br></p>",Targz Shop,"Home & Garden > Decor > Artwork > Posters, Prints, & Visual Artwork","","",false,Title,Default Title,,,,,,,,2023-08-29_BS-LLWOSKAG,0.0,shopify,deny,manual,400.00,,true,true,,,,,"",https://cdn.shopify.com/s/files/1/0810/5515/4515/files/PACKSHOT_CROPED_861cb81a-82b3-4c6b-a74d-28fce74f206b.jpg?v=1714232905,1,"",false,,,,,,,,,,,,,,,,,,kg,,,active
chromatic-interplay-n-6,,,,,,,,,,,,,,,,,,,,,,,,,,,,,,,https://cdn.shopify.com/s/files/1/0810/5515/4515/files/design5.jpg?v=1714232905,2,"",,,,,,,,,,,,,,,,,,,,,,
chromatic-interplay-n-6,,,,,,,,,,,,,,,,,,,,,,,,,,,,,,,https://cdn.shopify.com/s/files/1/0810/5515/4515/files/design3.jpg?v=1714232905,3,"",,,,,,,,,,,,,,,,,,,,,,
chromatic-interplay-n-6,,,,,,,,,,,,,,,,,,,,,,,,,,,,,,,https://cdn.shopify.com/s/files/1/0810/5515/4515/files/design4_df86e3d9-943a-429b-bc18-fce3c834d287.jpg?v=1714232905,4,"",,,,,,,,,,,,,,,,,,,,,,
unfinished-chromatic-interplay-n-6,„ÄΩÔ∏è Unfinished Chromatic Interplay N¬∞6,"<p>An Exploration of Color Moir√©. Chromatic Interplay is a generative Pen Plotter Art piece created using my own P5.js code, this artwork is part of a series of patterns called Chromatic Interplay. Each iteration of Chromatic Interplay is plotted multiple times, employing different colors and pen angles. This piece is a variation where I have stopped the plot on this piece before completion because its beauty struck me just as it is.<br data-mce-fragment=""1""><br data-mce-fragment=""1""><br data-mce-fragment=""1""></p>
<ul>
<li>FRAME: Unframed</li>
<li>SIZE: A1 594x841mm / 23 x 33 in</li>
<li>EDITION: 1 (signed a numbered)</li>
<li>REFERENCE: 2023-08-29_BS-LLWOSKAG-U</li>
<li>PLOTTER: Custom made Pen Plotter</li>
<li>PEN: Parallel pen 2.4mm</li>
<li>INK 1: Ecoline watercolor Chartreuse 233 (45¬∞)</li>
<li>INK 2: Ecoline watercolor Magenta 337 (90¬∞)</li>
<li>PAPER : cartridge Studio Gerstaecker by Clairefontaine</li>
<li>PAPER WEIGHT : 250g/m¬≤ / 90lbs</li>
</ul>",Targz Shop,"Home & Garden > Decor > Artwork > Posters, Prints, & Visual Artwork","","",false,Title,Default Title,,,,,,,,2023-08-29_BS-LLWOSKAG-U,0.0,shopify,deny,manual,400.00,,true,true,,,,,"",https://cdn.shopify.com/s/files/1/0810/5515/4515/files/PACKSHOT_CROPED_2d5c2131-3ffd-42a8-b4e7-4850e30a0abf.jpg?v=1714232875,1,"",false,,,,,,,,,,,,,,,,,,kg,,,active
unfinished-chromatic-interplay-n-6,,,,,,,,,,,,,,,,,,,,,,,,,,,,,,,https://cdn.shopify.com/s/files/1/0810/5515/4515/files/design1b.jpg?v=1714232875,2,"",,,,,,,,,,,,,,,,,,,,,,
unfinished-chromatic-interplay-n-6,,,,,,,,,,,,,,,,,,,,,,,,,,,,,,,https://cdn.shopify.com/s/files/1/0810/5515/4515/files/design2.jpg?v=1714232875,3,"",,,,,,,,,,,,,,,,,,,,,,
vinyl-impression-n-1,‚ô£Ô∏è Vinyl Impression N¬∞1,"<p><meta charset=""utf-8"">Brain waved record.<!-- notionvc: ffc1ddd4-84f4-4ffd-868d-6f2f6fa409bc --></p>
<p>Edition: 2 (signed a numbered)<br>SIZE:¬†A1 - 594x841mm / 23 x 33 inch<br>Reference: 2023-09-30_BS-LN6FZHBY<br>Plotter: Custom made Pen Plotter<br>Pen: Parallel pen 2.4mm<br>Ink type: Ecoline Watercolor<br>ink :Black 700 (45¬∞)<br>Paper : Cartridge Studio Gerstaecker by Clairefontaine<br>Paper weight : 250g/m¬≤ / 90lbs<br>Frame: Unframed<br></p>
<ul></ul>",Targz Shop,"Home & Garden > Decor > Artwork > Posters, Prints, & Visual Artwork","","",false,Title,Default Title,,,,,,,,2023-09-30_BS-LN6FZHBY,0.0,shopify,deny,manual,400.00,,true,true,,,,,,https://cdn.shopify.com/s/files/1/0810/5515/4515/files/PACKSHOT_CROPED_c127a00c-f497-4d6b-a48c-39009965a7d8.jpg?v=1714231788,1,"",false,,,,,,,,,,,,,,,,,,kg,,,active
vinyl-impression-n-1,,,,,,,,,,,,,,,,,,,,,,,,,,,,,,,https://cdn.shopify.com/s/files/1/0810/5515/4515/files/PACKSHOT_2.jpg?v=1714231788,2,"",,,,,,,,,,,,,,,,,,,,,,
vinyl-impression-n-1,,,,,,,,,,,,,,,,,,,,,,,,,,,,,,,https://cdn.shopify.com/s/files/1/0810/5515/4515/files/PACKSHOT_5.jpg?v=1714231788,3,"",,,,,,,,,,,,,,,,,,,,,,
vinyl-impression-n-1,,,,,,,,,,,,,,,,,,,,,,,,,,,,,,,https://cdn.shopify.com/s/files/1/0810/5515/4515/files/PACKSHOT_4.jpg?v=1714231788,4,"",,,,,,,,,,,,,,,,,,,,,,
vinyl-impression-n-1,,,,,,,,,,,,,,,,,,,,,,,,,,,,,,,https://cdn.shopify.com/s/files/1/0810/5515/4515/files/PACKSHOT_3.jpg?v=1714231788,5,"",,,,,,,,,,,,,,,,,,,,,,
chromatic-interplay-n-4,üß¨ Chromatic Interplay N¬∞4,"<p>An Exploration of Color Moir√©. This Pen Plotter Art piece is a generative art piece created using my own P5.js code, this artwork is part of a series of patterns called Chromatic Interplay. Each iteration of Chromatic Interplay is plotted multiple times, employing different colors and pen angles.<br data-mce-fragment=""1""><br data-mce-fragment=""1""><br data-mce-fragment=""1""></p>
<ul>
<li>FRAME: Unframed</li>
<li>SIZE: A2 (420 x 594 mm / 16.5 x 23.4 inches)&lt;/br&gt;</li>
<li>EDITION: 1 (signed a numbered 1/1)</li>
<li>REFERENCE: 2023-06-28_BS-LJG59XM9</li>
<li>PLOTTER: Custom made Pen Plotter</li>
<li>PEN: Parallel pen 2,4mm</li>
<li>INK 1: Ecoline watercolor Pastel Green 666 (135¬∞)</li>
<li>INK 2: Ecoline watercolor Pastel Roser 390 (90¬∞)</li>
<li>INK 3: Ecoline watercolor Magenta 337 (45¬∞)</li>
<li>PAPER : cartridge Studio Gerstaecker by Clairefontaine</li>
<li>PAPER WEIGHT : 250g/m¬≤ / 90lbs</li>
</ul>",Targz Shop,"Home & Garden > Decor > Artwork > Posters, Prints, & Visual Artwork","","",false,Title,Default Title,,,,,,,,2023-06-28_BS-LJG59XM9,0.0,shopify,deny,manual,200.00,,true,true,,,,,"",https://cdn.shopify.com/s/files/1/0810/5515/4515/files/PACKSHOT_CROPED_384296ec-a025-48f6-b584-6b737b794a07.jpg?v=1714232422,1,"",false,,,,,,,,,,,,,,,,,,kg,,,active
chromatic-interplay-n-4,,,,,,,,,,,,,,,,,,,,,,,,,,,,,,,https://cdn.shopify.com/s/files/1/0810/5515/4515/files/PACKSHOT2_d80b4a97-58b8-426b-959e-5589eaf66b55.jpg?v=1714232422,2,"",,,,,,,,,,,,,,,,,,,,,,
chromatic-interplay-n-4,,,,,,,,,,,,,,,,,,,,,,,,,,,,,,,https://cdn.shopify.com/s/files/1/0810/5515/4515/files/PACKSHOT3_4b268aeb-5933-4334-af67-1c7218034d99.jpg?v=1714232422,3,"",,,,,,,,,,,,,,,,,,,,,,
monochrome-moire-n-2,‚úíÔ∏è Monochrome Moir√© N¬∞2,"<p>This Pen Plotter Art piece is created using my generative code and crafted with precision on my custom pen plotter, the artwork is a result of two plot iterations. The second plot being a horizontal flip reveals a beautiful moir√© effect.</p>
<p><strong>Type</strong>: Hand-Signed, Unique Original<br><strong>Size</strong>: A1 - 594x841mm / 23 x 33 inch<br><strong>Reference</strong>: 2023-11-12_BS-LOVJ45WK<br><strong>Plotter</strong>: Custom made Pen Plotter<br><strong>Pen</strong>: Staedtler pigment liner 1mm<br><strong>Paper</strong> : Cartridge Studio Gerstaecker by Clairefontaine<br><strong>Paper Weight</strong> : 250g/m¬≤ / 90lbs<br><strong>Frame</strong>: Unframed</p>",Targz Shop,"Home & Garden > Decor > Artwork > Posters, Prints, & Visual Artwork","","",false,Title,Default Title,,,,,,,,2023-11-12_BS-LOVJ45WK,0.0,shopify,deny,manual,400.00,,true,true,,,,,"",https://cdn.shopify.com/s/files/1/0810/5515/4515/files/PACKSHOT_CROPED_60215c05-32d7-472c-a93a-c3cf5cffd8b8.jpg?v=1714232110,1,"",false,,,,,,,,,,,,,,,,,,kg,,,active
monochrome-moire-n-2,,,,,,,,,,,,,,,,,,,,,,,,,,,,,,,https://cdn.shopify.com/s/files/1/0810/5515/4515/files/PACKSHOT4_69f7d40b-8cc9-405b-8be4-deb4752a96db.jpg?v=1714232110,2,"",,,,,,,,,,,,,,,,,,,,,,
monochrome-moire-n-2,,,,,,,,,,,,,,,,,,,,,,,,,,,,,,,https://cdn.shopify.com/s/files/1/0810/5515/4515/files/PACKSHOT3_d7f44c4f-575b-4c10-8454-bfec910d0395.jpg?v=1714232110,3,"",,,,,,,,,,,,,,,,,,,,,,
monochrome-moire-n-2,,,,,,,,,,,,,,,,,,,,,,,,,,,,,,,https://cdn.shopify.com/s/files/1/0810/5515/4515/files/PACKSHOT5_5004549b-0b6e-4099-80fd-884fa428bfda.jpg?v=1714232110,4,"",,,,,,,,,,,,,,,,,,,,,,
monochrome-moire-n-2,,,,,,,,,,,,,,,,,,,,,,,,,,,,,,,https://cdn.shopify.com/s/files/1/0810/5515/4515/files/PACKSHOT2_f1b00750-d47c-4618-8002-bfa6f79a98de.jpg?v=1714232110,5,"",,,,,,,,,,,,,,,,,,,,,,
color-wheel-chaos,üåà Color Wheel Chaos,"<p>This Pen Plotter Art piece represents my ongoing coding and plotter experiments with CMY colors mixing, where I aim to guide randomness yet remain captivated by the unexpected results.</p>
<ul>
<li>Edition: 1 (unique piece signed a numbered)</li>
<li>Reference: 2023-11-27_BS-LPH6MMNT</li>
<li>Plotter: Custom made Pen Plotter</li>
<li>Pen: Pilot Parallel pen 2.4mm</li>
<li>Ink type: Ecoline Watercolor</li>
<li>1st path ink: Light-Orange 236 (90¬∞)</li>
<li>2nd path ink: Magenta 337 (135¬∞)</li>
<li>3rd path ink: Dark blue 506 (0¬∞)</li>
<li>PAPER : cartridge Studio Gerstaecker by Clairefontaine</li>
<li>PAPER WEIGHT : 250g/m¬≤ / 90lbs</li>
<li>FRAME: Unframed</li>
</ul>",Targz Shop,"Home & Garden > Decor > Artwork > Posters, Prints, & Visual Artwork","","",false,Title,Default Title,,,,,,,,2023-11-27_BS-LPH6MMNT,0.0,shopify,deny,manual,400.00,,true,true,,,,,"",https://cdn.shopify.com/s/files/1/0810/5515/4515/files/PACKSHOT_CROPED_1bd503c0-d643-4044-bbcb-9c89f04e5d5a.jpg?v=1714233246,1,"",false,,,,,,,,,,,,,,,,,,kg,,,active
color-wheel-chaos,,,,,,,,,,,,,,,,,,,,,,,,,,,,,,,https://cdn.shopify.com/s/files/1/0810/5515/4515/files/PACKSHOT2_a0b7ff61-9e18-442b-943c-ae4bdc0eac90.jpg?v=1714233246,2,"",,,,,,,,,,,,,,,,,,,,,,
color-wheel-chaos,,,,,,,,,,,,,,,,,,,,,,,,,,,,,,,https://cdn.shopify.com/s/files/1/0810/5515/4515/files/PACKSHOT5_82997f2b-c612-46fc-ba21-df1a5ef04a09.jpg?v=1714233246,3,"",,,,,,,,,,,,,,,,,,,,,,
color-wheel-chaos,,,,,,,,,,,,,,,,,,,,,,,,,,,,,,,https://cdn.shopify.com/s/files/1/0810/5515/4515/files/PACKSHOT4_df037b5a-c248-42fc-b8b8-8a0f10a02d0c.jpg?v=1714233246,4,"",,,,,,,,,,,,,,,,,,,,,,
color-wheel-chaos,,,,,,,,,,,,,,,,,,,,,,,,,,,,,,,https://cdn.shopify.com/s/files/1/0810/5515/4515/files/PACKSHOT3_62222a65-95b1-4baa-9b5e-bed0be048630.jpg?v=1714233246,5,"",,,,,,,,,,,,,,,,,,,,,,
vinyl-impression-n-2,‚ô£Ô∏è Vinyl Impression N¬∞2,"<p><img><meta charset=""utf-8"">Brain waved record.<!-- notionvc: 4a9293c3-1460-40a6-a17b-74b3cab7c449 --></p>
<p>Edition: 2 (signed a numbered)<br>Reference: <meta charset=""utf-8""> 2023-11-26_BS-LPFGW51Y<br>Plotter: Custom made Pen Plotter<br>Pen: Parallel pen 2.4mm<br>Ink type: Ecoline Watercolor<br>ink :Black 700 (45¬∞)<br>Paper : Cartridge Studio Gerstaecker by Clairefontaine<br>Paper weight : 250g/m¬≤ / 90lbs<br>Frame: Unframed<br></p>
<ul></ul>",Targz Shop,"Home & Garden > Decor > Artwork > Posters, Prints, & Visual Artwork","","",false,Title,Default Title,,,,,,,,2023-11-26_BS-LPFGW51Y,0.0,shopify,deny,manual,200.00,,true,true,,,,,"",https://cdn.shopify.com/s/files/1/0810/5515/4515/files/PACKSHOT_CROPED_e6413f70-3172-44a7-9a17-befc8ed770cc.jpg?v=1714231860,1,"",false,,,,,,,,,,,,,,,,,,kg,,,active
vinyl-impression-n-2,,,,,,,,,,,,,,,,,,,,,,,,,,,,,,,https://cdn.shopify.com/s/files/1/0810/5515/4515/files/PACKSHOT2_6c413c1c-ad72-40ec-b1cd-b2bb81e6901e.jpg?v=1714231860,2,"",,,,,,,,,,,,,,,,,,,,,,
vinyl-impression-n-2,,,,,,,,,,,,,,,,,,,,,,,,,,,,,,,https://cdn.shopify.com/s/files/1/0810/5515/4515/files/PACKSHOT5_da04ddca-df27-4e98-9408-826290989b81.jpg?v=1714231860,3,"",,,,,,,,,,,,,,,,,,,,,,
vinyl-impression-n-2,,,,,,,,,,,,,,,,,,,,,,,,,,,,,,,https://cdn.shopify.com/s/files/1/0810/5515/4515/files/PACKSHOT4_d8f8efae-9ee6-4ce1-8d84-896de6448a81.jpg?v=1714231860,4,"",,,,,,,,,,,,,,,,,,,,,,
vinyl-impression-n-2,,,,,,,,,,,,,,,,,,,,,,,,,,,,,,,https://cdn.shopify.com/s/files/1/0810/5515/4515/files/PACKSHOT3_052eb359-5b7e-4c86-ae78-b48e8a9a514c.jpg?v=1714231860,5,"",,,,,,,,,,,,,,,,,,,,,,
chromatic-interplay-n-5,üß¨ Chromatic Interplay N¬∞5,"<p>An Exploration of Color Moir√©.<br data-mce-fragment=""1""><br data-mce-fragment=""1"">This Pen Plotter Art piece is a generative art piece created using my own P5.js code, this artwork is part of a series of patterns called Chromatic Interplay. Each iteration of Chromatic Interplay is plotted multiple times, employing different colors and pen angles.</p>
<ul>
<li>FRAME: Unframed</li>
<li>EDITION: 1 (signed a numbered 1/1)</li>
<li>REFERENCE: 2023-06-26_BS-LJCZ58F8</li>
<li>PLOTTER: Custom made Pen Plotter</li>
<li>PEN: Parallel pen 2,4mm</li>
<li>INK 1: Ecoline watercolor Light Orange 236 (90¬∞)</li>
<li>INK 2: Ecoline watercolor Pastel Roser 390 (135¬∞)</li>
<li>INK 3: Ecoline watercolor Magenta 337 (45¬∞)</li>
<li>PAPER : cartridge Studio Gerstaecker by Clairefontaine</li>
<li>PAPER WEIGHT : 250g/m¬≤ / 90lbs</li>
</ul>",Targz Shop,"Home & Garden > Decor > Artwork > Posters, Prints, & Visual Artwork","","",false,Title,Default Title,,,,,,,,2023-06-26_BS-LJCZ58F8,100.0,shopify,deny,manual,100.00,,true,true,,,,,,https://cdn.shopify.com/s/files/1/0810/5515/4515/files/PACKSHOT_CROPED_7f88d08c-c39e-4db7-b2f9-d38de52430d8.jpg?v=1714232558,1,"",false,,,,,,,,,,,,,,,,,,kg,,,active
chromatic-interplay-n-5,,,,,,,,,,,,,,,,,,,,,,,,,,,,,,,https://cdn.shopify.com/s/files/1/0810/5515/4515/files/PACKSHOT2_c769e377-7d2b-40fb-878b-bb9f7b987722.jpg?v=1714232558,2,"",,,,,,,,,,,,,,,,,,,,,,
chromatic-interplay-n-5,,,,,,,,,,,,,,,,,,,,,,,,,,,,,,,https://cdn.shopify.com/s/files/1/0810/5515/4515/files/PACKSHOT3_4be5016d-37c4-44fa-9a9a-d845eaada2b3.jpg?v=1714232558,3,"",,,,,,,,,,,,,,,,,,,,,,
gold-blended-squares-n-20,üåü Gold Blended Squares N¬∞20,"<p>A composition inspired by both modern tiling algorithm and ancient Arabic patterns.¬†This piece is plotted on a pen plotter tailor made to handle large paper using alcohol-based ""gold"" ink and a pump marker.<br data-mce-fragment=""1""><br data-mce-fragment=""1"">‚ö†Ô∏è Gold ink is challenging to photograph, and its color has been edited to appear closer to reality. However, please note that the actual color may differ.</p>
<ul>
<li>FRAME: Unframed</li>
<li>EDITION: 5, numbered and signed</li>
<li>REFERENCE: 021-C_LxL_CxC2xL_CxC-1</li>
<li>PLOTTER: Custom made Pen Plotter</li>
<li>PEN: Pump Marker with 4 mm Round tip</li>
<li>INK : Molotow alcohol-based GOLD</li>
<li>PAPER : FABRIANO BLACK BLACK</li>
<li>PAPER WEIGHT : 300g/m¬≤</li>
</ul>",Targz Shop,"Home & Garden > Decor > Artwork > Posters, Prints, & Visual Artwork","","",false,Title,Default Title,,,,,,,,021-C_LxL_CxC2xL_CxC-1,0.0,shopify,deny,manual,200.00,,true,true,,,,,"",https://cdn.shopify.com/s/files/1/0810/5515/4515/files/PACKSHOT_CROPED_8cabafe5-b888-4a92-bb24-b6086a855973.jpg?v=1714233497,1,"",false,,,,,,,,,,,,,,,,,,kg,,,active
gold-blended-squares-n-20,,,,,,,,,,,,,,,,,,,,,,,,,,,,,,,https://cdn.shopify.com/s/files/1/0810/5515/4515/files/closeup.jpg?v=1714233497,2,"",,,,,,,,,,,,,,,,,,,,,,
gold-blended-squares-n-20,,,,,,,,,,,,,,,,,,,,,,,,,,,,,,,https://cdn.shopify.com/s/files/1/0810/5515/4515/files/view.jpg?v=1714233497,3,"",,,,,,,,,,,,,,,,,,,,,,
monochrome-moire-n-1,‚úíÔ∏è Monochrome Moir√© N¬∞1,"<p><br data-mce-fragment=""1"">This piece is created using my generative code and crafted with precision on my custom pen plotter, the artwork is a result of two plot iterations. The second plot being a horizontal flip reveals a beautiful moir√© effect.</p>
<p><strong>Typer</strong>: Hand-Signed, Unique Original<br><meta charset=""utf-8""><strong>Reference</strong>: 2023-09-30_BS-LN6FZHBY-DASHED<br><strong>Plotter</strong>: Custom made Pen Plotter<br><strong>Pen</strong>: Molotow pump marker 1mm<br><strong>Paper</strong> : Fabriano White White<br><meta charset=""utf-8""><strong>Paper Size</strong>: A2 (420 X 594 mm / 16,5 x 23,4 inch)<br><strong>Paper WEight</strong> : 300g/m2 / 100lbs<br><strong>Frame</strong>: Unframed</p>
<p><br data-mce-fragment=""1""><br></p>",Targz Shop,"Home & Garden > Decor > Artwork > Posters, Prints, & Visual Artwork","","",false,Title,Default Title,,,,,,,,2023-05-13_BS-LHLX0FN1,0.0,shopify,deny,manual,200.00,,true,true,,,,,"",https://cdn.shopify.com/s/files/1/0810/5515/4515/files/PACKSHOT_CROPED_88a32035-2d77-4c9b-a9a2-a23205e62506.jpg?v=1714232067,1,"",false,,,,,,,,,,,,,,,,,,kg,,,active
monochrome-moire-n-1,,,,,,,,,,,,,,,,,,,,,,,,,,,,,,,https://cdn.shopify.com/s/files/1/0810/5515/4515/files/PACKSHOT_FRAME_C.jpg?v=1714232067,2,"",,,,,,,,,,,,,,,,,,,,,,
monochrome-moire-n-1,,,,,,,,,,,,,,,,,,,,,,,,,,,,,,,https://cdn.shopify.com/s/files/1/0810/5515/4515/files/PACKSHOT_FRAME_B.jpg?v=1714232067,3,"",,,,,,,,,,,,,,,,,,,,,,
unexpected-patterns,ü¶ì Unexpected Patterns,"This Pen Plotter Art piece is a creation born from a simple mistake in my code. Unexpectedly, what were supposed to be continuous lines became dashed strokes. The accidental pattern emerges from the unexpected and have been plotted during 6 hours on my custom plotter.<br data-mce-fragment=""1""><br data-mce-fragment=""1"">
<ul>
<li>Edition: 1 (unique piece signed a numbered)</li>
<li>SIZE: A3 - (297 X 420 mm / 11.7 x 16.5 inch)</li>
<li>Reference: 2023-09-30_BS-LN6FZHBY-DASHED</li>
<li>Plotter: Custom made Pen Plotter</li>
<li>Pen: Molotow pump marker 1mm</li>
<li>Ink: Molotow Black Acrylic</li>
<li>Paper : Fabriano White White</li>
<li>Paper weight : 300g/m2 / 100lbs</li>
<li>Frame: Unframed</li>
</ul>",Targz Shop,"Home & Garden > Decor > Artwork > Posters, Prints, & Visual Artwork","","",false,Title,Default Title,,,,,,,,2023-09-30_BS-LN6FZHBY-DASHED,100.0,shopify,deny,manual,100.00,,true,true,,,,,"",https://cdn.shopify.com/s/files/1/0810/5515/4515/files/PACKSHOT_CROPED_be24f23a-e54d-465e-8435-a58738ef0e4a.jpg?v=1714234664,1,"",false,,,,,,,,,,,,,,,,,,kg,,,active
unexpected-patterns,,,,,,,,,,,,,,,,,,,,,,,,,,,,,,,https://cdn.shopify.com/s/files/1/0810/5515/4515/files/PACKSHOT2_ee784501-011d-42a0-bc08-8260204a3f66.jpg?v=1714234664,2,"",,,,,,,,,,,,,,,,,,,,,,
unexpected-patterns,,,,,,,,,,,,,,,,,,,,,,,,,,,,,,,https://cdn.shopify.com/s/files/1/0810/5515/4515/files/PACKSHOT_6449d6af-8ee6-4b9c-8c48-de2663272485.jpg?v=1714234664,3,"",,,,,,,,,,,,,,,,,,,,,,
figure-eight-knot,ü™¢¬†Figure-eight Knot,"<p><span style=""font-family: -apple-system, BlinkMacSystemFont, 'San Francisco', 'Segoe UI', Roboto, 'Helvetica Neue', sans-serif; font-size: 0.875rem;""><meta charset=""utf-8"">Spontaneous knotting of the mind.<!-- notionvc: 1a140a91-2257-44c9-88ab-a8d2630249bd --></span></p>
<p><span style=""font-family: -apple-system, BlinkMacSystemFont, 'San Francisco', 'Segoe UI', Roboto, 'Helvetica Neue', sans-serif; font-size: 0.875rem;"">Edition: 1 (piece are signed a numbered)</span><br></p>
<p>Size : A1 - 594x841mm / 23 x 33 inch<br>Reference: 2024-03-09_BS-LTK49D8C<br>Plotter: Custom made Pen Plotter<br>Pen: Ecoline Pen<br>Ink type: Ecoline Watercolor<br>1st path ink: Magenta 337<br>2nd path ink: Sky Blue 578<br>PAPER : cartridge Studio Gerstaecker by Clairefontaine <br>PAPER WEIGHT : 250g/m¬≤ / 90lbs<br>FRAME: Unframed<br><br><br><br></p>",Targz Shop,"Home & Garden > Decor > Artwork > Posters, Prints, & Visual Artwork","","",false,Title,Default Title,,,,,,,,2024-03-09_BS-LTK49D8C,0.0,shopify,deny,manual,400.00,,true,false,,,,,"",https://cdn.shopify.com/s/files/1/0810/5515/4515/files/PACKSHOT_CROPED_0a30aa29-006c-47e0-b8d8-6af6d01571f9.jpg?v=1714234686,1,"",false,,,,,,,,,,,,,,,,,,kg,,,active
figure-eight-knot,,,,,,,,,,,,,,,,,,,,,,,,,,,,,,,https://cdn.shopify.com/s/files/1/0810/5515/4515/files/PACKSHOT5_750dd73a-1858-4f8e-9b69-cdb3a673ae81.jpg?v=1714234686,2,"",,,,,,,,,,,,,,,,,,,,,,
figure-eight-knot,,,,,,,,,,,,,,,,,,,,,,,,,,,,,,,https://cdn.shopify.com/s/files/1/0810/5515/4515/files/PACKSHOT2_fdea4041-e543-4d76-8cfa-9c5a09fc9960.jpg?v=1714234686,3,"",,,,,,,,,,,,,,,,,,,,,,
figure-eight-knot,,,,,,,,,,,,,,,,,,,,,,,,,,,,,,,https://cdn.shopify.com/s/files/1/0810/5515/4515/files/PACKSHOT3_eaf58994-f68e-4199-aba4-d8cdfb19f44b.jpg?v=1714234686,4,"",,,,,,,,,,,,,,,,,,,,,,
figure-eight-knot,,,,,,,,,,,,,,,,,,,,,,,,,,,,,,,https://cdn.shopify.com/s/files/1/0810/5515/4515/files/PACKSHOT4_dc3ff272-bed4-4140-9292-f34c06b23be7.jpg?v=1714234686,5,"",,,,,,,,,,,,,,,,,,,,,,
figure-eight-knot,,,,,,,,,,,,,,,,,,,,,,,,,,,,,,,https://cdn.shopify.com/s/files/1/0810/5515/4515/files/PACKSHOT5b.jpg?v=1714234686,6,"",,,,,,,,,,,,,,,,,,,,,,
chromatic-interplay-n-7-large,üß¨ Chromatic Interplay N¬∞7,"<p>An Exploration of Color Moir√©. This piece is a generative Pen Plotter Art piece created using my own P5.js code, this artwork is part of a series of patterns called Chromatic Interplay. Each iteration of Chromatic Interplay is plotted multiple times, employing different colors and pen angles. This piece I plotter 4 times with different combination on colors and orientation and pen angle.<br data-mce-fragment=""1""><br data-mce-fragment=""1"">Edition: 1 (unique piece signed a numbered)<br data-mce-fragment=""1"">Reference: 2023-03-04-BS-LEU59HX6<br data-mce-fragment=""1"">Plotter: Custom made Pen Plotter<br data-mce-fragment=""1"">Pen: Parallel pen 2.4mm<br data-mce-fragment=""1"">Ink type: Ecoline Watercolor<br data-mce-fragment=""1"">1st path ink: Cyan 578 (0¬∞)<br data-mce-fragment=""1"">2nd path ink: Magenta 337 (0¬∞)<br data-mce-fragment=""1"">3rd path ink: Magenta 3345 (0¬∞)<br data-mce-fragment=""1"">4th path ink: Light Orange 236 (90¬∞)<br data-mce-fragment=""1"">Paper : Cartridge Studio Gerstaecker by Clairefontaine <br data-mce-fragment=""1"">Paper weight : 250g/m¬≤ / 90lbs<br data-mce-fragment=""1"">Frame: Unframed<br data-mce-fragment=""1"">A1 - 594x841mm / 23 x 33 inch&lt;/br&gt;<br data-mce-fragment=""1""><br data-mce-fragment=""1""><strong>NOTES:</strong><br data-mce-fragment=""1""><br data-mce-fragment=""1"">- The piece will be shipped rolled in a strong cardboard tube<br data-mce-fragment=""1"">- Actual color may vary from the photo.<br data-mce-fragment=""1"">- Artwork is shipped unframed.<br data-mce-fragment=""1""><br></p>
<p>¬†</p>
<p><meta charset=""utf-8""><iframe width=""315"" height=""560"" src=""https://www.youtube.com/embed/ST9J0CgTWas"" title=""YouTube video player"" frameborder=""0"" allow=""accelerometer; autoplay; clipboard-write; encrypted-media; gyroscope; picture-in-picture; web-share"" allowfullscreen=""""></iframe></p>",Targz Shop,"Home & Garden > Decor > Artwork > Posters, Prints, & Visual Artwork","","",false,Title,Default Title,,,,,,,,2023-03-04-BS-LEU59HX6,100.0,shopify,deny,manual,400.00,,true,true,,,,,"",https://cdn.shopify.com/s/files/1/0810/5515/4515/files/PACKSHOT_CROPED_93500d2e-7adc-46d2-8da0-9426be1df22e.jpg?v=1714232610,1,"",false,,,,,,,,,,,,,,Cartridge Studio Gerstaecker by Clairefontaine,,,,kg,,,active
chromatic-interplay-n-7-large,,,,,,,,,,,,,,,,,,,,,,,,,,,,,,,https://cdn.shopify.com/s/files/1/0810/5515/4515/files/PACKSHOT2.jpg?v=1714232610,2,"",,,,,,,,,,,,,,,,,,,,,,
chromatic-interplay-n-7-large,,,,,,,,,,,,,,,,,,,,,,,,,,,,,,,https://cdn.shopify.com/s/files/1/0810/5515/4515/files/PACKSHOT3.jpg?v=1714232610,3,"",,,,,,,,,,,,,,,,,,,,,,
chromatic-interplay-n-7-large,,,,,,,,,,,,,,,,,,,,,,,,,,,,,,,https://cdn.shopify.com/s/files/1/0810/5515/4515/files/PACKSHOT4.jpg?v=1714232610,4,"",,,,,,,,,,,,,,,,,,,,,,
chromatic-interplay-n-7-large,,,,,,,,,,,,,,,,,,,,,,,,,,,,,,,https://cdn.shopify.com/s/files/1/0810/5515/4515/files/PACKSHOT5.jpg?v=1714232610,5,"",,,,,,,,,,,,,,,,,,,,,,
